,playlist,id,name,genre,danceability,energy,key,loudness,mode,speechiness,acousticness,instrumentalness,liveness,valence,tempo,type,uri,track_href,analysis_url,duration_ms,time_signature
0,Its time,2FoahzOSxJnalPA8aBUme3,all of me,Rap,0.652,0.806,5,-5.707,0,0.302,0.122,1.08e-05,0.842,0.779,159.947,audio_features,spotify:track:2FoahzOSxJnalPA8aBUme3,https://api.spotify.com/v1/tracks/2FoahzOSxJnalPA8aBUme3,https://api.spotify.com/v1/audio-analysis/2FoahzOSxJnalPA8aBUme3,198293,4
1,Its time,6x9pCndnXEoea0CMcfjs9W,n.h.i.e.,Rap,0.818,0.512,5,-9.056,0,0.0884,0.0963,0.0371,0.11,0.153,131.974,audio_features,spotify:track:6x9pCndnXEoea0CMcfjs9W,https://api.spotify.com/v1/tracks/6x9pCndnXEoea0CMcfjs9W,https://api.spotify.com/v1/audio-analysis/6x9pCndnXEoea0CMcfjs9W,143719,4
2,Its time,2FDTHlrBguDzQkp7PVj16Q,Sprinter,Rap,0.918,0.681,1,-4.705,1,0.201,0.263,0.0,0.0615,0.706,139.057,audio_features,spotify:track:2FDTHlrBguDzQkp7PVj16Q,https://api.spotify.com/v1/tracks/2FDTHlrBguDzQkp7PVj16Q,https://api.spotify.com/v1/audio-analysis/2FDTHlrBguDzQkp7PVj16Q,229133,4
3,Its time,5KI7I4mEtulXcv5VQJaV35,just like me,Rap,0.701,0.653,1,-4.695,1,0.105,0.479,2.82e-05,0.306,0.505,82.984,audio_features,spotify:track:5KI7I4mEtulXcv5VQJaV35,https://api.spotify.com/v1/tracks/5KI7I4mEtulXcv5VQJaV35,https://api.spotify.com/v1/audio-analysis/5KI7I4mEtulXcv5VQJaV35,231338,4
4,Its time,4yLyVdEqV790aIXyGif85v,red sky,Rap,0.474,0.621,7,-8.253,0,0.103,0.187,0.0,0.16,0.396,114.314,audio_features,spotify:track:4yLyVdEqV790aIXyGif85v,https://api.spotify.com/v1/tracks/4yLyVdEqV790aIXyGif85v,https://api.spotify.com/v1/audio-analysis/4yLyVdEqV790aIXyGif85v,176835,4
5,Its time,6pcywuOeGGWeOQzdUyti6k,Glock In My Lap,Rap,0.847,0.733,10,-6.439,0,0.16,0.00574,1.04e-05,0.151,0.202,130.029,audio_features,spotify:track:6pcywuOeGGWeOQzdUyti6k,https://api.spotify.com/v1/tracks/6pcywuOeGGWeOQzdUyti6k,https://api.spotify.com/v1/audio-analysis/6pcywuOeGGWeOQzdUyti6k,193591,4
6,Its time,2yUzr8Sr6ldG8vmHhZwTnz,née-nah,Rap,0.681,0.758,1,-6.524,1,0.188,0.00465,0.0,0.555,0.331,165.409,audio_features,spotify:track:2yUzr8Sr6ldG8vmHhZwTnz,https://api.spotify.com/v1/tracks/2yUzr8Sr6ldG8vmHhZwTnz,https://api.spotify.com/v1/audio-analysis/2yUzr8Sr6ldG8vmHhZwTnz,220584,4
7,Its time,52eIcoLUM25zbQupAZYoFh,redrum,Rap,0.625,0.733,2,-8.757,1,0.0488,0.00598,0.000983,0.375,0.244,172.09,audio_features,spotify:track:52eIcoLUM25zbQupAZYoFh,https://api.spotify.com/v1/tracks/52eIcoLUM25zbQupAZYoFh,https://api.spotify.com/v1/audio-analysis/52eIcoLUM25zbQupAZYoFh,270698,4
8,Its time,50a8bKqlwDEqeiEknrzkTO,ball w/o you,Rap,0.892,0.633,8,-7.471,1,0.0902,0.0467,0.000189,0.139,0.459,137.994,audio_features,spotify:track:50a8bKqlwDEqeiEknrzkTO,https://api.spotify.com/v1/tracks/50a8bKqlwDEqeiEknrzkTO,https://api.spotify.com/v1/audio-analysis/50a8bKqlwDEqeiEknrzkTO,195047,4
9,Its time,02Cp3VTUWNed8hr69BhKz6,dark days,Rap,0.68,0.583,2,-5.351,0,0.174,0.229,1.37e-05,0.139,0.134,82.477,audio_features,spotify:track:02Cp3VTUWNed8hr69BhKz6,https://api.spotify.com/v1/tracks/02Cp3VTUWNed8hr69BhKz6,https://api.spotify.com/v1/audio-analysis/02Cp3VTUWNed8hr69BhKz6,295073,4
10,Its time,2tudvzsrR56uom6smgOcSf,Like That,Rap,0.814,0.676,11,-4.67,0,0.231,0.00709,1.28e-05,0.119,0.312,162.012,audio_features,spotify:track:2tudvzsrR56uom6smgOcSf,https://api.spotify.com/v1/tracks/2tudvzsrR56uom6smgOcSf,https://api.spotify.com/v1/audio-analysis/2tudvzsrR56uom6smgOcSf,267707,4
11,Its time,52NGJPcLUzQq5w7uv4e5gf,Private Landing (feat. Justin Bieber & Future),Rap,0.858,0.641,1,-4.31,0,0.0954,0.111,2.12e-05,0.109,0.445,136.991,audio_features,spotify:track:52NGJPcLUzQq5w7uv4e5gf,https://api.spotify.com/v1/tracks/52NGJPcLUzQq5w7uv4e5gf,https://api.spotify.com/v1/audio-analysis/52NGJPcLUzQq5w7uv4e5gf,238253,4
12,Its time,77DRzu7ERs0TX3roZcre7Q,euphoria,Rap,0.831,0.643,1,-5.002,1,0.11,0.046,0.0,0.084,0.142,139.948,audio_features,spotify:track:77DRzu7ERs0TX3roZcre7Q,https://api.spotify.com/v1/tracks/77DRzu7ERs0TX3roZcre7Q,https://api.spotify.com/v1/audio-analysis/77DRzu7ERs0TX3roZcre7Q,383639,4
13,Its time,76gcXhY3Zv6wW0BTe9nHJo,TIL FURTHER NOTICE (feat. James Blake & 21 Savage),Rap,0.65,0.659,3,-6.522,0,0.123,0.174,0.00772,0.126,0.154,76.985,audio_features,spotify:track:76gcXhY3Zv6wW0BTe9nHJo,https://api.spotify.com/v1/tracks/76gcXhY3Zv6wW0BTe9nHJo,https://api.spotify.com/v1/audio-analysis/76gcXhY3Zv6wW0BTe9nHJo,314836,4
14,Classical 2,4oviAMVnj3noW22hfvgFQS,Sylvia: Act III: Divertissement: Variation - Valse,Classical,0.346,0.0578,3,-22.644,1,0.0352,0.932,0.928,0.211,0.422,97.259,audio_features,spotify:track:4oviAMVnj3noW22hfvgFQS,https://api.spotify.com/v1/tracks/4oviAMVnj3noW22hfvgFQS,https://api.spotify.com/v1/audio-analysis/4oviAMVnj3noW22hfvgFQS,75107,3
15,Classical 2,5qSd3msvkNLLgwjm1O4ZQS,Confutatis,Classical,0.0,0.162,1,-20.024,0,0.0,0.986,0.319,0.124,0.0,0.0,audio_features,spotify:track:5qSd3msvkNLLgwjm1O4ZQS,https://api.spotify.com/v1/tracks/5qSd3msvkNLLgwjm1O4ZQS,https://api.spotify.com/v1/audio-analysis/5qSd3msvkNLLgwjm1O4ZQS,354040,0
16,Classical 2,3Dgmyz32dxvtxvUTPS0CUI,"Vivaldi Variation (Arr. for Piano from Concerto for Strings in G Minor, RV 156 by F. Christl)",Classical,0.429,0.258,7,-16.967,0,0.0549,0.957,0.893,0.115,0.0972,78.809,audio_features,spotify:track:3Dgmyz32dxvtxvUTPS0CUI,https://api.spotify.com/v1/tracks/3Dgmyz32dxvtxvUTPS0CUI,https://api.spotify.com/v1/audio-analysis/3Dgmyz32dxvtxvUTPS0CUI,112353,1
17,Classical 2,1jSiCrX3a7ie9Okck6lL1R,Por Una Cabeza,Classical,0.387,0.258,7,-12.544,0,0.0395,0.939,0.0231,0.553,0.294,62.432,audio_features,spotify:track:1jSiCrX3a7ie9Okck6lL1R,https://api.spotify.com/v1/tracks/1jSiCrX3a7ie9Okck6lL1R,https://api.spotify.com/v1/audio-analysis/1jSiCrX3a7ie9Okck6lL1R,325640,4
18,Classical 2,28smE6qFUkhfUhEvvmSdQ1,"La Campanella, Op. 7 - Arr. August Wilhelmj: arr. August Wilhelmj",Classical,0.549,0.115,2,-22.146,1,0.0681,0.899,0.18,0.0944,0.409,101.822,audio_features,spotify:track:28smE6qFUkhfUhEvvmSdQ1,https://api.spotify.com/v1/tracks/28smE6qFUkhfUhEvvmSdQ1,https://api.spotify.com/v1/audio-analysis/28smE6qFUkhfUhEvvmSdQ1,369987,4
19,Classical 2,4vSdYf8zbPXtxKU1U0KnPj,"Schwanensee, Op. 20: Act II No. 10: Scene",Classical,0.16,0.156,4,-21.678,0,0.0412,0.949,0.916,0.115,0.0935,87.326,audio_features,spotify:track:4vSdYf8zbPXtxKU1U0KnPj,https://api.spotify.com/v1/tracks/4vSdYf8zbPXtxKU1U0KnPj,https://api.spotify.com/v1/audio-analysis/4vSdYf8zbPXtxKU1U0KnPj,136973,3
20,Classical 2,3sAYxq1986j3ydqLv6jwUJ,"Serenade for Strings in E Major, Op. 22, B. 52: II. Tempo di valse",Classical,0.0,0.0842,9,-19.397,1,0.0,0.755,0.889,0.262,0.0,0.0,audio_features,spotify:track:3sAYxq1986j3ydqLv6jwUJ,https://api.spotify.com/v1/tracks/3sAYxq1986j3ydqLv6jwUJ,https://api.spotify.com/v1/audio-analysis/3sAYxq1986j3ydqLv6jwUJ,432533,0
21,Classical 2,3awXX3NCCFczArHPXTdrNk,"Lieder ohne Worte (Songs without Words), Book 1, Op. 19b: Lied ohne Worte (Song without Words) No. 6 in G Minor, Op. 19, No. 6, ""Venezianisches Gondellied"" (Venetian Gondola Song)",Classical,0.391,0.0356,7,-33.473,0,0.0461,0.995,0.892,0.0824,0.152,72.224,audio_features,spotify:track:3awXX3NCCFczArHPXTdrNk,https://api.spotify.com/v1/tracks/3awXX3NCCFczArHPXTdrNk,https://api.spotify.com/v1/audio-analysis/3awXX3NCCFczArHPXTdrNk,124533,1
22,Classical 2,7opr2zfaf0dnpAqYRjUspl,Carmen Suite No. 2 (Arr. E. Guiraud): II. Habanera,Classical,0.35,0.00493,2,-33.292,1,0.0418,0.962,0.315,0.101,0.484,126.841,audio_features,spotify:track:7opr2zfaf0dnpAqYRjUspl,https://api.spotify.com/v1/tracks/7opr2zfaf0dnpAqYRjUspl,https://api.spotify.com/v1/audio-analysis/7opr2zfaf0dnpAqYRjUspl,126107,4
23,Classical 2,2MgzyjSjEGONjLt9QwafTS,Flower duet from Lakme - Remasterisé en 1987,Classical,0.0,0.0412,11,-24.687,1,0.0,0.967,0.815,0.131,0.0,0.0,audio_features,spotify:track:2MgzyjSjEGONjLt9QwafTS,https://api.spotify.com/v1/tracks/2MgzyjSjEGONjLt9QwafTS,https://api.spotify.com/v1/audio-analysis/2MgzyjSjEGONjLt9QwafTS,259453,0
24,Classical 2,48IMWCI3FQ6tCTmRrGdPwj,"6 Violin Sonatas, Op. 10b No. 1 in F Major, J. 99: II. Romanza: Larghetto",Classical,0.216,0.0139,10,-28.092,1,0.0468,0.989,0.411,0.236,0.0504,83.166,audio_features,spotify:track:48IMWCI3FQ6tCTmRrGdPwj,https://api.spotify.com/v1/tracks/48IMWCI3FQ6tCTmRrGdPwj,https://api.spotify.com/v1/audio-analysis/48IMWCI3FQ6tCTmRrGdPwj,115067,3
25,Classical 2,6lo128WdLt7xP5Ejvsq1ym,Csárdás,Classical,0.381,0.47,2,-9.553,1,0.0517,0.688,0.025,0.0855,0.304,78.08,audio_features,spotify:track:6lo128WdLt7xP5Ejvsq1ym,https://api.spotify.com/v1/tracks/6lo128WdLt7xP5Ejvsq1ym,https://api.spotify.com/v1/audio-analysis/6lo128WdLt7xP5Ejvsq1ym,333533,4
26,Classical 2,5KNZME6ZAXNA4Ce6iOedU5,Camping,Classical,0.367,0.107,9,-20.273,0,0.0471,0.862,0.926,0.107,0.146,129.368,audio_features,spotify:track:5KNZME6ZAXNA4Ce6iOedU5,https://api.spotify.com/v1/tracks/5KNZME6ZAXNA4Ce6iOedU5,https://api.spotify.com/v1/audio-analysis/5KNZME6ZAXNA4Ce6iOedU5,78875,3
27,Classical 2,2WZNkbVqATzXscJ6VgYJeo,"Salut d'amour, Op. 12",Classical,0.172,0.131,4,-21.663,1,0.0468,0.898,0.0392,0.131,0.0476,95.309,audio_features,spotify:track:2WZNkbVqATzXscJ6VgYJeo,https://api.spotify.com/v1/tracks/2WZNkbVqATzXscJ6VgYJeo,https://api.spotify.com/v1/audio-analysis/2WZNkbVqATzXscJ6VgYJeo,174773,3
28,Classical 2,7y9ygf5AHcHwoSlnhFvF6F,I. Allegro molto appassionato,Classical,0.274,0.138,4,-21.723,0,0.0412,0.809,0.0387,0.098,0.121,105.346,audio_features,spotify:track:7y9ygf5AHcHwoSlnhFvF6F,https://api.spotify.com/v1/tracks/7y9ygf5AHcHwoSlnhFvF6F,https://api.spotify.com/v1/audio-analysis/7y9ygf5AHcHwoSlnhFvF6F,721200,4
29,Classical 2,6ShSq8Gs3LLkLszzolFEQ7,Funeral March in Memory of Victims of the Revolution for Solo Piano,Classical,0.588,0.153,11,-18.611,0,0.053,0.994,0.848,0.228,0.195,101.611,audio_features,spotify:track:6ShSq8Gs3LLkLszzolFEQ7,https://api.spotify.com/v1/tracks/6ShSq8Gs3LLkLszzolFEQ7,https://api.spotify.com/v1/audio-analysis/6ShSq8Gs3LLkLszzolFEQ7,82280,4
30,Classical 2,47Q17d4BITY1CdBg9sRxfx,"Winterreise, Op. 89, D. 911: No. 21, Tauschung (Arr. T. Zimmermann and H. Holl)",Classical,0.313,0.00693,9,-35.899,1,0.0439,0.992,0.821,0.0713,0.116,119.476,audio_features,spotify:track:47Q17d4BITY1CdBg9sRxfx,https://api.spotify.com/v1/tracks/47Q17d4BITY1CdBg9sRxfx,https://api.spotify.com/v1/audio-analysis/47Q17d4BITY1CdBg9sRxfx,84933,4
31,Classical 2,1zt1cHdEi9gb2khtISjUxq,"Carmen Fantasy, Op. 25: IV. Allegro moderato",Classical,0.391,0.0861,2,-21.971,1,0.0628,0.907,0.00133,0.532,0.268,110.053,audio_features,spotify:track:1zt1cHdEi9gb2khtISjUxq,https://api.spotify.com/v1/tracks/1zt1cHdEi9gb2khtISjUxq,https://api.spotify.com/v1/audio-analysis/1zt1cHdEi9gb2khtISjUxq,124027,4
32,Classical 2,1BbQIyPnuhVIlJEqPcY3Ug,"Six Pieces, Op. 51, TH 143: VI. Valse sentimentale. Tempo di Valse",Classical,0.252,0.0578,1,-26.184,1,0.0518,0.953,0.0163,0.0721,0.0391,108.013,audio_features,spotify:track:1BbQIyPnuhVIlJEqPcY3Ug,https://api.spotify.com/v1/tracks/1BbQIyPnuhVIlJEqPcY3Ug,https://api.spotify.com/v1/audio-analysis/1BbQIyPnuhVIlJEqPcY3Ug,141707,4
33,Classical 2,2oUX4i8ByoaDrHHz9z5Bga,"Tchaikovsky: The Nutcracker, Op. 71, Act II: No. 14a, Pas de deux. Andante maestoso",Classical,0.139,0.148,7,-18.882,1,0.0386,0.929,0.954,0.106,0.0788,142.536,audio_features,spotify:track:2oUX4i8ByoaDrHHz9z5Bga,https://api.spotify.com/v1/tracks/2oUX4i8ByoaDrHHz9z5Bga,https://api.spotify.com/v1/audio-analysis/2oUX4i8ByoaDrHHz9z5Bga,306533,3
34,Classical 2,0pjCsB0XNSyqM9UazlTODC,Jazz Suite No. 2: VI. Waltz 2,Classical,0.322,0.184,0,-18.312,0,0.0338,0.984,0.902,0.0813,0.356,107.847,audio_features,spotify:track:0pjCsB0XNSyqM9UazlTODC,https://api.spotify.com/v1/tracks/0pjCsB0XNSyqM9UazlTODC,https://api.spotify.com/v1/audio-analysis/0pjCsB0XNSyqM9UazlTODC,193600,4
35,Classical 2,4oJHRgjGYeqxpSJhCV5sYN,"Cello Concerto No. 2 in D Minor, Op. 119: II. Allegro non troppo - Cadenza - Molto allegro",Classical,0.273,0.099,2,-21.795,1,0.0439,0.968,0.635,0.0844,0.112,89.676,audio_features,spotify:track:4oJHRgjGYeqxpSJhCV5sYN,https://api.spotify.com/v1/tracks/4oJHRgjGYeqxpSJhCV5sYN,https://api.spotify.com/v1/audio-analysis/4oJHRgjGYeqxpSJhCV5sYN,360680,4
36,Classical 2,0NRZZSigyeXDAEn0OJ3z8t,Victor's Piano Solo Chopin Style,Classical,0.311,0.0273,1,-20.361,0,0.0366,0.96,0.894,0.114,0.143,137.268,audio_features,spotify:track:0NRZZSigyeXDAEn0OJ3z8t,https://api.spotify.com/v1/tracks/0NRZZSigyeXDAEn0OJ3z8t,https://api.spotify.com/v1/audio-analysis/0NRZZSigyeXDAEn0OJ3z8t,81345,3
37,Classical 2,2f2egGUYIOUjcFG3EDFg2F,Masquerade Suite: Maskarad (Masquerade): I. Waltz,Classical,0.299,0.259,0,-17.679,1,0.0293,0.838,0.951,0.1,0.202,94.311,audio_features,spotify:track:2f2egGUYIOUjcFG3EDFg2F,https://api.spotify.com/v1/tracks/2f2egGUYIOUjcFG3EDFg2F,https://api.spotify.com/v1/audio-analysis/2f2egGUYIOUjcFG3EDFg2F,262000,4
38,Easy 2,1GTn7gpcSSP7yHkiAPHUWw,Everyday Feels Like Sunday,Easy,0.718,0.45,11,-8.136,0,0.0357,0.779,1.22e-06,0.126,0.568,89.933,audio_features,spotify:track:1GTn7gpcSSP7yHkiAPHUWw,https://api.spotify.com/v1/tracks/1GTn7gpcSSP7yHkiAPHUWw,https://api.spotify.com/v1/audio-analysis/1GTn7gpcSSP7yHkiAPHUWw,139930,4
39,Easy 2,7F6PtLP6fJPVtA1FWVkl8K,Shouldn't Be,Easy,0.647,0.294,6,-10.344,0,0.0312,0.728,0.0,0.123,0.323,124.999,audio_features,spotify:track:7F6PtLP6fJPVtA1FWVkl8K,https://api.spotify.com/v1/tracks/7F6PtLP6fJPVtA1FWVkl8K,https://api.spotify.com/v1/audio-analysis/7F6PtLP6fJPVtA1FWVkl8K,210480,3
40,Easy 2,5NF5TV9zGZ9QLKLf7Oq05T,Used to Me,Easy,0.797,0.512,5,-7.315,0,0.143,0.318,8.98e-06,0.352,0.691,100.029,audio_features,spotify:track:5NF5TV9zGZ9QLKLf7Oq05T,https://api.spotify.com/v1/tracks/5NF5TV9zGZ9QLKLf7Oq05T,https://api.spotify.com/v1/audio-analysis/5NF5TV9zGZ9QLKLf7Oq05T,179544,4
41,Easy 2,7es56D0QedGMsK39wl2yFX,Happier Than Ever,Easy,0.667,0.457,6,-6.885,0,0.439,0.341,0.0,0.114,0.266,97.604,audio_features,spotify:track:7es56D0QedGMsK39wl2yFX,https://api.spotify.com/v1/tracks/7es56D0QedGMsK39wl2yFX,https://api.spotify.com/v1/audio-analysis/7es56D0QedGMsK39wl2yFX,109326,4
42,Easy 2,7es56D0QedGMsK39wl2yFX,Happier Than Ever,Easy,0.667,0.457,6,-6.885,0,0.439,0.341,0.0,0.114,0.266,97.604,audio_features,spotify:track:7es56D0QedGMsK39wl2yFX,https://api.spotify.com/v1/tracks/7es56D0QedGMsK39wl2yFX,https://api.spotify.com/v1/audio-analysis/7es56D0QedGMsK39wl2yFX,109326,4
43,Easy,7es56D0QedGMsK39wl2yFX,Happier Than Ever,Easy,0.667,0.457,6,-6.885,0,0.439,0.341,0.0,0.114,0.266,97.604,audio_features,spotify:track:7es56D0QedGMsK39wl2yFX,https://api.spotify.com/v1/tracks/7es56D0QedGMsK39wl2yFX,https://api.spotify.com/v1/audio-analysis/7es56D0QedGMsK39wl2yFX,109326,4
44,Easy,7es56D0QedGMsK39wl2yFX,Happier Than Ever,Easy,0.667,0.457,6,-6.885,0,0.439,0.341,0.0,0.114,0.266,97.604,audio_features,spotify:track:7es56D0QedGMsK39wl2yFX,https://api.spotify.com/v1/tracks/7es56D0QedGMsK39wl2yFX,https://api.spotify.com/v1/audio-analysis/7es56D0QedGMsK39wl2yFX,109326,4
45,Easy 2,2p9Ac0KQAUfOIXXWAxlzmM,Paragraphs,Easy,0.51,0.361,2,-9.913,1,0.0576,0.827,8.01e-06,0.28,0.208,73.354,audio_features,spotify:track:2p9Ac0KQAUfOIXXWAxlzmM,https://api.spotify.com/v1/tracks/2p9Ac0KQAUfOIXXWAxlzmM,https://api.spotify.com/v1/audio-analysis/2p9Ac0KQAUfOIXXWAxlzmM,233544,4
46,Easy 2,71nnhckUPfuphvyYJx6l01,Home,Easy,0.808,0.331,0,-8.216,1,0.0439,0.254,1.61e-05,0.13,0.418,93.006,audio_features,spotify:track:71nnhckUPfuphvyYJx6l01,https://api.spotify.com/v1/tracks/71nnhckUPfuphvyYJx6l01,https://api.spotify.com/v1/audio-analysis/71nnhckUPfuphvyYJx6l01,170952,4
47,Easy 2,6D6HVKe7Qu3imn4zzJD0W9,drunk,Easy,0.691,0.389,4,-8.247,1,0.0367,0.765,0.0,0.0941,0.306,104.952,audio_features,spotify:track:6D6HVKe7Qu3imn4zzJD0W9,https://api.spotify.com/v1/tracks/6D6HVKe7Qu3imn4zzJD0W9,https://api.spotify.com/v1/audio-analysis/6D6HVKe7Qu3imn4zzJD0W9,227032,4
48,Easy 2,7fEI29hmaWcCMPi8VJf33C,Us Without Me,Easy,0.47,0.217,7,-12.612,1,0.03,0.464,0.0,0.158,0.215,79.941,audio_features,spotify:track:7fEI29hmaWcCMPi8VJf33C,https://api.spotify.com/v1/tracks/7fEI29hmaWcCMPi8VJf33C,https://api.spotify.com/v1/audio-analysis/7fEI29hmaWcCMPi8VJf33C,200040,4
49,Easy 2,27X15kptwVSlgrxLr0YtUt,on ur mind,Easy,0.785,0.194,7,-12.48,1,0.0427,0.813,0.213,0.0684,0.316,81.995,audio_features,spotify:track:27X15kptwVSlgrxLr0YtUt,https://api.spotify.com/v1/tracks/27X15kptwVSlgrxLr0YtUt,https://api.spotify.com/v1/audio-analysis/27X15kptwVSlgrxLr0YtUt,155122,4
50,Easy 2,4kfjA6WfgKBt7I7YKuDCkU,Blue Jeans,Easy,0.639,0.297,7,-11.18,1,0.0334,0.938,0.0839,0.18,0.292,113.989,audio_features,spotify:track:4kfjA6WfgKBt7I7YKuDCkU,https://api.spotify.com/v1/tracks/4kfjA6WfgKBt7I7YKuDCkU,https://api.spotify.com/v1/audio-analysis/4kfjA6WfgKBt7I7YKuDCkU,211483,3
51,Easy 2,0rbKrBvZUYY9GN9l057BuY,"always, i'll care",Easy,0.732,0.221,6,-12.623,1,0.056,0.897,2.62e-05,0.11,0.677,105.165,audio_features,spotify:track:0rbKrBvZUYY9GN9l057BuY,https://api.spotify.com/v1/tracks/0rbKrBvZUYY9GN9l057BuY,https://api.spotify.com/v1/audio-analysis/0rbKrBvZUYY9GN9l057BuY,146160,4
52,Easy 2,2SifZIrXCniYtvhoPCf8sz,Obvious,Easy,0.648,0.382,11,-6.973,0,0.168,0.544,0.0,0.349,0.629,150.05,audio_features,spotify:track:2SifZIrXCniYtvhoPCf8sz,https://api.spotify.com/v1/tracks/2SifZIrXCniYtvhoPCf8sz,https://api.spotify.com/v1/audio-analysis/2SifZIrXCniYtvhoPCf8sz,185922,3
53,Easy 2,3lG6BAEvOIuLikSIS95iO7,A Little Bit Longer,Easy,0.625,0.0736,4,-20.302,0,0.0572,0.83,0.000145,0.122,0.398,87.908,audio_features,spotify:track:3lG6BAEvOIuLikSIS95iO7,https://api.spotify.com/v1/tracks/3lG6BAEvOIuLikSIS95iO7,https://api.spotify.com/v1/audio-analysis/3lG6BAEvOIuLikSIS95iO7,150345,4
54,Easy 2,2nzED6Q3yWuvSQnxw6QTlU,If I Could Ride a Bike,Easy,0.453,0.14,1,-10.434,1,0.0592,0.848,0.0,0.0903,0.392,75.211,audio_features,spotify:track:2nzED6Q3yWuvSQnxw6QTlU,https://api.spotify.com/v1/tracks/2nzED6Q3yWuvSQnxw6QTlU,https://api.spotify.com/v1/audio-analysis/2nzED6Q3yWuvSQnxw6QTlU,203590,3
55,Easy 2,1dD3ypA5IX9d773o1BqOWM,Before We Croak,Easy,0.758,0.305,8,-9.621,1,0.035,0.96,0.00354,0.298,0.395,120.987,audio_features,spotify:track:1dD3ypA5IX9d773o1BqOWM,https://api.spotify.com/v1/tracks/1dD3ypA5IX9d773o1BqOWM,https://api.spotify.com/v1/audio-analysis/1dD3ypA5IX9d773o1BqOWM,144793,4
56,Easy 2,4XH3NVhqdG3SPENAH6Aqtu,Bubblegum Party,Easy,0.773,0.37,7,-6.092,1,0.0403,0.598,0.0,0.118,0.47,123.03,audio_features,spotify:track:4XH3NVhqdG3SPENAH6Aqtu,https://api.spotify.com/v1/tracks/4XH3NVhqdG3SPENAH6Aqtu,https://api.spotify.com/v1/audio-analysis/4XH3NVhqdG3SPENAH6Aqtu,163575,4
57,Easy 2,72sfmdpuO5r8cBDgs7MqZZ,UNDERSTAND,Easy,0.379,0.208,5,-13.858,1,0.0426,0.94,1.05e-06,0.114,0.163,82.085,audio_features,spotify:track:72sfmdpuO5r8cBDgs7MqZZ,https://api.spotify.com/v1/tracks/72sfmdpuO5r8cBDgs7MqZZ,https://api.spotify.com/v1/audio-analysis/72sfmdpuO5r8cBDgs7MqZZ,150520,3
58,Easy 2,49QEJdbU9mf4VUXReOpZ9u,Traingazing,Easy,0.852,0.362,11,-10.055,1,0.0664,0.693,0.00536,0.14,0.562,137.542,audio_features,spotify:track:49QEJdbU9mf4VUXReOpZ9u,https://api.spotify.com/v1/tracks/49QEJdbU9mf4VUXReOpZ9u,https://api.spotify.com/v1/audio-analysis/49QEJdbU9mf4VUXReOpZ9u,214160,4
59,Easy 2,2rpfBHpyClysMiKYXbeH3e,Ikea Date (demo),Easy,0.923,0.062,0,-16.214,1,0.0787,0.893,0.0,0.0696,0.699,106.865,audio_features,spotify:track:2rpfBHpyClysMiKYXbeH3e,https://api.spotify.com/v1/tracks/2rpfBHpyClysMiKYXbeH3e,https://api.spotify.com/v1/audio-analysis/2rpfBHpyClysMiKYXbeH3e,146916,4
60,Idfk2,1q8DwZtQen5fvyB7cKbShC,Walkin,Rap,0.557,0.654,11,-7.201,0,0.196,0.134,0.0,0.291,0.386,135.983,audio_features,spotify:track:1q8DwZtQen5fvyB7cKbShC,https://api.spotify.com/v1/tracks/1q8DwZtQen5fvyB7cKbShC,https://api.spotify.com/v1/audio-analysis/1q8DwZtQen5fvyB7cKbShC,280000,4
61,Idfk2,5EIkdrmuu2xkoQWOWjoeFY,Dynasties & Dystopia (from the series Arcane League of Legends),Rap,0.703,0.834,1,-5.134,1,0.0603,0.0139,0.0,0.1,0.863,153.97,audio_features,spotify:track:5EIkdrmuu2xkoQWOWjoeFY,https://api.spotify.com/v1/tracks/5EIkdrmuu2xkoQWOWjoeFY,https://api.spotify.com/v1/audio-analysis/5EIkdrmuu2xkoQWOWjoeFY,178080,4
62,Idfk2,59fFsGRwFiuhxKDPc1k6xW,Opp Stoppa (feat. 21 Savage),Rap,0.829,0.343,2,-4.937,0,0.102,0.00734,0.0,0.179,0.312,78.035,audio_features,spotify:track:59fFsGRwFiuhxKDPc1k6xW,https://api.spotify.com/v1/tracks/59fFsGRwFiuhxKDPc1k6xW,https://api.spotify.com/v1/audio-analysis/59fFsGRwFiuhxKDPc1k6xW,135431,4
63,Idfk2,2PWVxWymGDZKj5BZJB7dAR,GOATED. (feat. Denzel Curry),Rap,0.947,0.479,0,-8.18,1,0.107,0.00961,3.17e-06,0.327,0.468,123.075,audio_features,spotify:track:2PWVxWymGDZKj5BZJB7dAR,https://api.spotify.com/v1/tracks/2PWVxWymGDZKj5BZJB7dAR,https://api.spotify.com/v1/audio-analysis/2PWVxWymGDZKj5BZJB7dAR,197381,4
64,Idfk2,1udwFobQ1JoOdWPQrp2b6u,Surround Sound (feat. 21 Savage & Baby Tate),Rap,0.574,0.567,7,-7.126,0,0.465,0.164,0.0,0.258,0.526,75.965,audio_features,spotify:track:1udwFobQ1JoOdWPQrp2b6u,https://api.spotify.com/v1/tracks/1udwFobQ1JoOdWPQrp2b6u,https://api.spotify.com/v1/audio-analysis/1udwFobQ1JoOdWPQrp2b6u,229938,4
65,Idfk2,1D3z6HTiQsNmZxjl7F7eoG,m y . l i f e (with 21 Savage & Morray),Rap,0.597,0.587,7,-7.026,0,0.137,0.0622,0.0,0.214,0.0753,140.021,audio_features,spotify:track:1D3z6HTiQsNmZxjl7F7eoG,https://api.spotify.com/v1/tracks/1D3z6HTiQsNmZxjl7F7eoG,https://api.spotify.com/v1/audio-analysis/1D3z6HTiQsNmZxjl7F7eoG,218802,4
66,Idfk2,3CDVMejYHnB1SkEEx0T1N4,Many Men,Rap,0.635,0.793,10,-4.333,0,0.0322,0.000647,0.747,0.113,0.281,77.594,audio_features,spotify:track:3CDVMejYHnB1SkEEx0T1N4,https://api.spotify.com/v1/tracks/3CDVMejYHnB1SkEEx0T1N4,https://api.spotify.com/v1/audio-analysis/3CDVMejYHnB1SkEEx0T1N4,201856,4
67,Idfk2,4LaGu95Ui2s4vprSQYWUAZ,Bout A Million (feat. 42 Dugg & 21 Savage),Rap,0.718,0.675,0,-6.959,0,0.0911,0.532,0.0,0.125,0.389,145.056,audio_features,spotify:track:4LaGu95Ui2s4vprSQYWUAZ,https://api.spotify.com/v1/tracks/4LaGu95Ui2s4vprSQYWUAZ,https://api.spotify.com/v1/audio-analysis/4LaGu95Ui2s4vprSQYWUAZ,203586,4
68,Idfk2,1hvInhBgFlH88UaZrLJ43O,6 Foot 7 Foot,Rap,0.364,0.752,2,-5.429,1,0.304,0.0007,0.0,0.318,0.606,79.119,audio_features,spotify:track:1hvInhBgFlH88UaZrLJ43O,https://api.spotify.com/v1/tracks/1hvInhBgFlH88UaZrLJ43O,https://api.spotify.com/v1/audio-analysis/1hvInhBgFlH88UaZrLJ43O,248587,4
69,Idfk2,3QFInJAm9eyaho5vBzxInN,family ties (with Kendrick Lamar),Rap,0.711,0.611,1,-5.453,1,0.33,0.00588,0.0,0.23,0.144,134.093,audio_features,spotify:track:3QFInJAm9eyaho5vBzxInN,https://api.spotify.com/v1/tracks/3QFInJAm9eyaho5vBzxInN,https://api.spotify.com/v1/audio-analysis/3QFInJAm9eyaho5vBzxInN,252262,4
70,Idfk2,6BU1RZexmvJcBjgagVVt3M,Count Me Out,Rap,0.776,0.431,4,-7.544,0,0.091,0.671,0.0,0.153,0.495,133.999,audio_features,spotify:track:6BU1RZexmvJcBjgagVVt3M,https://api.spotify.com/v1/tracks/6BU1RZexmvJcBjgagVVt3M,https://api.spotify.com/v1/audio-analysis/6BU1RZexmvJcBjgagVVt3M,283642,4
71,Idfk2,2mbAFKj9gePjW91G1WH3sp,Chateau,Rap,0.759,0.812,8,-4.257,1,0.251,0.251,0.0,0.348,0.229,139.911,audio_features,spotify:track:2mbAFKj9gePjW91G1WH3sp,https://api.spotify.com/v1/tracks/2mbAFKj9gePjW91G1WH3sp,https://api.spotify.com/v1/audio-analysis/2mbAFKj9gePjW91G1WH3sp,135880,4
72,Idfk2,4IX1G5Ibs3aWyiSLUO7OPt,Frozen (feat. JID & SwaVay),Rap,0.74,0.498,10,-9.141,1,0.167,0.677,4.35e-05,0.102,0.192,100.024,audio_features,spotify:track:4IX1G5Ibs3aWyiSLUO7OPt,https://api.spotify.com/v1/tracks/4IX1G5Ibs3aWyiSLUO7OPt,https://api.spotify.com/v1/audio-analysis/4IX1G5Ibs3aWyiSLUO7OPt,236378,4
73,Idfk2,1SsbAUqPSt20PhHAuVSDNu,Stars (feat. Yasiin Bey),Rap,0.494,0.583,10,-10.506,0,0.289,0.433,1.39e-06,0.286,0.364,117.927,audio_features,spotify:track:1SsbAUqPSt20PhHAuVSDNu,https://api.spotify.com/v1/tracks/1SsbAUqPSt20PhHAuVSDNu,https://api.spotify.com/v1/audio-analysis/1SsbAUqPSt20PhHAuVSDNu,258245,4
74,Idfk2,2Zyk0on2N9vZyHueREwoJC,Hasta Luego - Bonus,Rap,0.769,0.505,11,-6.882,0,0.252,0.0359,0.000106,0.107,0.297,140.063,audio_features,spotify:track:2Zyk0on2N9vZyHueREwoJC,https://api.spotify.com/v1/tracks/2Zyk0on2N9vZyHueREwoJC,https://api.spotify.com/v1/audio-analysis/2Zyk0on2N9vZyHueREwoJC,221206,4
75,Idfk2,2WrldKXSBVbNNm3A9vJryi,Dance Now (feat. Kenny Mason),Rap,0.782,0.476,1,-10.972,1,0.239,0.0942,2.2e-05,0.162,0.27,135.024,audio_features,spotify:track:2WrldKXSBVbNNm3A9vJryi,https://api.spotify.com/v1/tracks/2WrldKXSBVbNNm3A9vJryi,https://api.spotify.com/v1/audio-analysis/2WrldKXSBVbNNm3A9vJryi,227556,4
76,Idfk2,3utisM1p90YUtH7yjXyrrY,Raydar,Rap,0.598,0.592,4,-7.607,0,0.381,0.0633,1.83e-06,0.1,0.471,156.903,audio_features,spotify:track:3utisM1p90YUtH7yjXyrrY,https://api.spotify.com/v1/tracks/3utisM1p90YUtH7yjXyrrY,https://api.spotify.com/v1/audio-analysis/3utisM1p90YUtH7yjXyrrY,204909,4
77,Idfk2,0UtnpKaReKUg2GquaSxCyD,Money Trees,Rap,0.716,0.531,7,-7.355,1,0.157,0.0709,0.0,0.22,0.335,71.972,audio_features,spotify:track:0UtnpKaReKUg2GquaSxCyD,https://api.spotify.com/v1/tracks/0UtnpKaReKUg2GquaSxCyD,https://api.spotify.com/v1/audio-analysis/0UtnpKaReKUg2GquaSxCyD,386907,4
78,Idfk2,6LNoArVBBVZzUTUiAX2aKO,Off The Grid,Rap,0.546,0.64,8,-5.582,1,0.37,0.0438,0.0,0.137,0.63,137.728,audio_features,spotify:track:6LNoArVBBVZzUTUiAX2aKO,https://api.spotify.com/v1/tracks/6LNoArVBBVZzUTUiAX2aKO,https://api.spotify.com/v1/audio-analysis/6LNoArVBBVZzUTUiAX2aKO,339250,4
79,Idfk2,70QT8Tr8gnAEkeLW3WwN3C,Workin’ Out - A Colors Show,Rap,0.714,0.477,10,-11.561,0,0.357,0.56,0.000376,0.107,0.618,127.128,audio_features,spotify:track:70QT8Tr8gnAEkeLW3WwN3C,https://api.spotify.com/v1/tracks/70QT8Tr8gnAEkeLW3WwN3C,https://api.spotify.com/v1/audio-analysis/70QT8Tr8gnAEkeLW3WwN3C,181417,4
80,Idfk2,6ZGoFntcQUWTPGGQPQmecY,Kody Blu 31,Rap,0.571,0.724,4,-7.871,0,0.134,0.119,4.35e-06,0.423,0.528,76.014,audio_features,spotify:track:6ZGoFntcQUWTPGGQPQmecY,https://api.spotify.com/v1/tracks/6ZGoFntcQUWTPGGQPQmecY,https://api.spotify.com/v1/audio-analysis/6ZGoFntcQUWTPGGQPQmecY,224630,4
81,Idfk2,7fsMkFC6OwhFqqYYPipgrO,Just In Time (feat. Lil Wayne & Kenny Mason),Rap,0.677,0.584,5,-7.922,1,0.359,0.00235,0.0,0.183,0.266,140.907,audio_features,spotify:track:7fsMkFC6OwhFqqYYPipgrO,https://api.spotify.com/v1/tracks/7fsMkFC6OwhFqqYYPipgrO,https://api.spotify.com/v1/audio-analysis/7fsMkFC6OwhFqqYYPipgrO,207060,4
82,Covers 2.0,1j5OjNR4IFKt8tVMPIfRze,Sea of Love,Covers,0.458,0.0292,11,-13.922,1,0.0657,0.97,0.0,0.108,0.142,172.662,audio_features,spotify:track:1j5OjNR4IFKt8tVMPIfRze,https://api.spotify.com/v1/tracks/1j5OjNR4IFKt8tVMPIfRze,https://api.spotify.com/v1/audio-analysis/1j5OjNR4IFKt8tVMPIfRze,161613,4
83,Covers 2.0,7BRwh1bemr9rFMDeTbcy5S,Creep,Covers,0.585,0.103,7,-12.682,1,0.0309,0.801,0.0,0.126,0.179,133.057,audio_features,spotify:track:7BRwh1bemr9rFMDeTbcy5S,https://api.spotify.com/v1/tracks/7BRwh1bemr9rFMDeTbcy5S,https://api.spotify.com/v1/audio-analysis/7BRwh1bemr9rFMDeTbcy5S,234135,4
84,Covers 2.0,5oV8bZaShr2d01FFMHBUPq,Iris,Covers,0.497,0.13,6,-15.571,1,0.0436,0.841,0.0,0.111,0.179,130.769,audio_features,spotify:track:5oV8bZaShr2d01FFMHBUPq,https://api.spotify.com/v1/tracks/5oV8bZaShr2d01FFMHBUPq,https://api.spotify.com/v1/audio-analysis/5oV8bZaShr2d01FFMHBUPq,181136,3
85,Covers 2.0,2pV8RpdLemcyMWko8dASVt,Like I'm Gonna Lose You,Covers,0.398,0.174,0,-11.16,1,0.0364,0.958,4.16e-06,0.158,0.153,172.152,audio_features,spotify:track:2pV8RpdLemcyMWko8dASVt,https://api.spotify.com/v1/tracks/2pV8RpdLemcyMWko8dASVt,https://api.spotify.com/v1/audio-analysis/2pV8RpdLemcyMWko8dASVt,232339,3
86,Covers 2.0,1tg28JiXBuaUj5bZ8Ppuum,The One That Got Away,Covers,0.281,0.139,4,-8.97,1,0.0421,0.926,0.0,0.099,0.0467,63.473,audio_features,spotify:track:1tg28JiXBuaUj5bZ8Ppuum,https://api.spotify.com/v1/tracks/1tg28JiXBuaUj5bZ8Ppuum,https://api.spotify.com/v1/audio-analysis/1tg28JiXBuaUj5bZ8Ppuum,247696,4
87,Covers 2.0,3oDUFFZcFLvRYCv2qlGoRY,Sometimes When We Touch,Covers,0.636,0.205,7,-10.391,1,0.0324,0.753,0.0,0.0915,0.414,119.713,audio_features,spotify:track:3oDUFFZcFLvRYCv2qlGoRY,https://api.spotify.com/v1/tracks/3oDUFFZcFLvRYCv2qlGoRY,https://api.spotify.com/v1/audio-analysis/3oDUFFZcFLvRYCv2qlGoRY,247133,4
88,Covers 2.0,5MtSb6IQmKpqWWfW1WUrSY,Wouldn't It Be Nice,Covers,0.667,0.261,7,-11.743,0,0.034,0.7,0.0,0.13,0.277,82.557,audio_features,spotify:track:5MtSb6IQmKpqWWfW1WUrSY,https://api.spotify.com/v1/tracks/5MtSb6IQmKpqWWfW1WUrSY,https://api.spotify.com/v1/audio-analysis/5MtSb6IQmKpqWWfW1WUrSY,152182,3
89,Covers 2.0,1UdSYzD1LoJDjMItD0b9S7,Yesterday,Covers,0.54,0.0657,3,-17.612,1,0.0322,0.905,0.0,0.106,0.197,147.598,audio_features,spotify:track:1UdSYzD1LoJDjMItD0b9S7,https://api.spotify.com/v1/tracks/1UdSYzD1LoJDjMItD0b9S7,https://api.spotify.com/v1/audio-analysis/1UdSYzD1LoJDjMItD0b9S7,156892,4
90,Covers 2.0,53OaJgQ9Ju3oxQuf9BKFx2,Isn't She Lovely,Covers,0.598,0.686,0,-5.536,0,0.0359,0.07,1.89e-06,0.15,0.516,121.999,audio_features,spotify:track:53OaJgQ9Ju3oxQuf9BKFx2,https://api.spotify.com/v1/tracks/53OaJgQ9Ju3oxQuf9BKFx2,https://api.spotify.com/v1/audio-analysis/53OaJgQ9Ju3oxQuf9BKFx2,198587,4
91,Covers 2.0,0ADIPpvs9kTLEkrQ4kqhAC,Nothing's Gonna Change My Love for You,Covers,0.624,0.2,4,-12.945,1,0.0398,0.897,0.0,0.104,0.398,117.9,audio_features,spotify:track:0ADIPpvs9kTLEkrQ4kqhAC,https://api.spotify.com/v1/tracks/0ADIPpvs9kTLEkrQ4kqhAC,https://api.spotify.com/v1/audio-analysis/0ADIPpvs9kTLEkrQ4kqhAC,201973,4
92,Covers 2.0,0UrrmsQvmoKhfikRVHcUat,You're Gonna Live Forever in Me,Covers,0.531,0.129,2,-14.251,1,0.0377,0.921,0.0,0.151,0.367,86.065,audio_features,spotify:track:0UrrmsQvmoKhfikRVHcUat,https://api.spotify.com/v1/tracks/0UrrmsQvmoKhfikRVHcUat,https://api.spotify.com/v1/audio-analysis/0UrrmsQvmoKhfikRVHcUat,138750,5
93,Covers 2.0,1YwbObIsxLhBTjSI5lwJz6,Just The Way You Are,Covers,0.525,0.218,2,-12.727,1,0.0483,0.906,0.000563,0.11,0.251,130.309,audio_features,spotify:track:1YwbObIsxLhBTjSI5lwJz6,https://api.spotify.com/v1/tracks/1YwbObIsxLhBTjSI5lwJz6,https://api.spotify.com/v1/audio-analysis/1YwbObIsxLhBTjSI5lwJz6,156870,4
94,Covers 2.0,44YADxNo3TdpkwEr5DvV2B,A Good Goodbye,Covers,0.525,0.457,1,-9.801,1,0.0664,0.716,0.00141,0.114,0.308,82.184,audio_features,spotify:track:44YADxNo3TdpkwEr5DvV2B,https://api.spotify.com/v1/tracks/44YADxNo3TdpkwEr5DvV2B,https://api.spotify.com/v1/audio-analysis/44YADxNo3TdpkwEr5DvV2B,213940,4
95,Covers 2.0,2E3ObBU2VIrTYOYh8tvi0x,Something Stupid,Covers,0.789,0.261,7,-14.396,1,0.0456,0.803,0.0,0.0962,0.491,117.961,audio_features,spotify:track:2E3ObBU2VIrTYOYh8tvi0x,https://api.spotify.com/v1/tracks/2E3ObBU2VIrTYOYh8tvi0x,https://api.spotify.com/v1/audio-analysis/2E3ObBU2VIrTYOYh8tvi0x,147809,4
96,Covers 2.0,6huS9u0BDfeQHq0lObNLPl,Better Together,Covers,0.761,0.311,5,-10.597,1,0.0692,0.647,0.0,0.15,0.553,109.891,audio_features,spotify:track:6huS9u0BDfeQHq0lObNLPl,https://api.spotify.com/v1/tracks/6huS9u0BDfeQHq0lObNLPl,https://api.spotify.com/v1/audio-analysis/6huS9u0BDfeQHq0lObNLPl,200707,4
97,Covers 2.0,5zZlt46nWEHkMCtjiieo6Q,A Dream Is a Wish Your Heart Makes / Young at Heart (Mash-Up) [feat. Julissa Ruth],Covers,0.475,0.31,8,-10.404,1,0.0355,0.802,0.0,0.14,0.276,116.767,audio_features,spotify:track:5zZlt46nWEHkMCtjiieo6Q,https://api.spotify.com/v1/tracks/5zZlt46nWEHkMCtjiieo6Q,https://api.spotify.com/v1/audio-analysis/5zZlt46nWEHkMCtjiieo6Q,187136,3
98,Covers 2.0,2R6CGc2eQJjuVEbH1eUZjq,Beyond The Sea,Covers,0.676,0.118,7,-11.443,1,0.032,0.935,0.0,0.292,0.517,103.948,audio_features,spotify:track:2R6CGc2eQJjuVEbH1eUZjq,https://api.spotify.com/v1/tracks/2R6CGc2eQJjuVEbH1eUZjq,https://api.spotify.com/v1/audio-analysis/2R6CGc2eQJjuVEbH1eUZjq,119423,4
99,Covers 2.0,5I8wqCZfqMXhJ8NYwFHgwc,Fly Me to the Moon / Lucky (Mash-Up) [feat. Breea Guttery],Covers,0.642,0.298,9,-12.071,0,0.0363,0.855,2.75e-06,0.359,0.557,129.213,audio_features,spotify:track:5I8wqCZfqMXhJ8NYwFHgwc,https://api.spotify.com/v1/tracks/5I8wqCZfqMXhJ8NYwFHgwc,https://api.spotify.com/v1/audio-analysis/5I8wqCZfqMXhJ8NYwFHgwc,194419,4
100,Covers 2.0,50Q02S1ZY0hwbmHTMABuDC,Somewhere Only We Know,Covers,0.455,0.0437,10,-21.202,1,0.0648,0.962,0.0,0.0907,0.209,80.122,audio_features,spotify:track:50Q02S1ZY0hwbmHTMABuDC,https://api.spotify.com/v1/tracks/50Q02S1ZY0hwbmHTMABuDC,https://api.spotify.com/v1/audio-analysis/50Q02S1ZY0hwbmHTMABuDC,184242,1
101,Covers 2.0,1ZHln0m59fpobHTYMc6Qs4,Autumn's Song,Covers,0.596,0.22,1,-10.08,1,0.0332,0.864,0.0,0.102,0.251,83.038,audio_features,spotify:track:1ZHln0m59fpobHTYMc6Qs4,https://api.spotify.com/v1/tracks/1ZHln0m59fpobHTYMc6Qs4,https://api.spotify.com/v1/audio-analysis/1ZHln0m59fpobHTYMc6Qs4,206747,4
102,Covers 2.0,6wf7Yu7cxBSPrRlWeSeK0Q,"What Was I Made For? [From The Motion Picture ""Barbie""]",Covers,0.391,0.084,0,-17.843,1,0.0317,0.953,0.0,0.0983,0.111,79.449,audio_features,spotify:track:6wf7Yu7cxBSPrRlWeSeK0Q,https://api.spotify.com/v1/tracks/6wf7Yu7cxBSPrRlWeSeK0Q,https://api.spotify.com/v1/audio-analysis/6wf7Yu7cxBSPrRlWeSeK0Q,222370,4
103,Covers 2.0,5tB4RsEsMVWH93nVSqqi7d,Sealed With a Kiss,Covers,0.446,0.264,5,-9.639,0,0.0312,0.612,5.95e-05,0.101,0.517,179.709,audio_features,spotify:track:5tB4RsEsMVWH93nVSqqi7d,https://api.spotify.com/v1/tracks/5tB4RsEsMVWH93nVSqqi7d,https://api.spotify.com/v1/audio-analysis/5tB4RsEsMVWH93nVSqqi7d,161422,4
104,Covers 2.0,2gEITccf2k1vArXcdQPgqM,To Make You Feel My Love,Covers,0.488,0.0228,10,-18.341,1,0.0475,0.984,0.0,0.0986,0.0706,69.885,audio_features,spotify:track:2gEITccf2k1vArXcdQPgqM,https://api.spotify.com/v1/tracks/2gEITccf2k1vArXcdQPgqM,https://api.spotify.com/v1/audio-analysis/2gEITccf2k1vArXcdQPgqM,217297,4
105,Covers 2.0,1Lom3Qqs0HUPxqnmRVumKQ,Somewhere Over The Rainbow,Covers,0.623,0.251,8,-10.92,1,0.0435,0.946,3.27e-06,0.0986,0.624,174.813,audio_features,spotify:track:1Lom3Qqs0HUPxqnmRVumKQ,https://api.spotify.com/v1/tracks/1Lom3Qqs0HUPxqnmRVumKQ,https://api.spotify.com/v1/audio-analysis/1Lom3Qqs0HUPxqnmRVumKQ,153503,4
106,idek,7eb5G8a12Fn4TwRr3cbJBd,I Want You Around (feat. 6LACK) - Remix,RnB,0.718,0.454,4,-9.775,1,0.256,0.34,0.0228,0.0814,0.631,168.037,audio_features,spotify:track:7eb5G8a12Fn4TwRr3cbJBd,https://api.spotify.com/v1/tracks/7eb5G8a12Fn4TwRr3cbJBd,https://api.spotify.com/v1/audio-analysis/7eb5G8a12Fn4TwRr3cbJBd,213040,4
107,idek,7tcz5Nok3dfCyHvSPH9K4n,Angels,RnB,0.757,0.345,4,-6.836,0,0.0761,0.64,0.00129,0.197,0.372,140.077,audio_features,spotify:track:7tcz5Nok3dfCyHvSPH9K4n,https://api.spotify.com/v1/tracks/7tcz5Nok3dfCyHvSPH9K4n,https://api.spotify.com/v1/audio-analysis/7tcz5Nok3dfCyHvSPH9K4n,169579,4
108,idek,1tNK6PDCrJLEa2AQBCEfjP,More Than Enough,RnB,0.648,0.531,2,-5.886,0,0.0345,0.26,0.000897,0.12,0.253,143.008,audio_features,spotify:track:1tNK6PDCrJLEa2AQBCEfjP,https://api.spotify.com/v1/tracks/1tNK6PDCrJLEa2AQBCEfjP,https://api.spotify.com/v1/audio-analysis/1tNK6PDCrJLEa2AQBCEfjP,151462,4
109,idek,7ctELL5vtMLu831Bd6i2uB,Situations,RnB,0.661,0.714,1,-6.323,0,0.406,0.475,0.0,0.0973,0.428,81.024,audio_features,spotify:track:7ctELL5vtMLu831Bd6i2uB,https://api.spotify.com/v1/tracks/7ctELL5vtMLu831Bd6i2uB,https://api.spotify.com/v1/audio-analysis/7ctELL5vtMLu831Bd6i2uB,225919,4
110,idek,7ctELL5vtMLu831Bd6i2uB,Situations,RnB,0.661,0.714,1,-6.323,0,0.406,0.475,0.0,0.0973,0.428,81.024,audio_features,spotify:track:7ctELL5vtMLu831Bd6i2uB,https://api.spotify.com/v1/tracks/7ctELL5vtMLu831Bd6i2uB,https://api.spotify.com/v1/audio-analysis/7ctELL5vtMLu831Bd6i2uB,225919,4
111,R&B ish,7ctELL5vtMLu831Bd6i2uB,Situations,RnB,0.661,0.714,1,-6.323,0,0.406,0.475,0.0,0.0973,0.428,81.024,audio_features,spotify:track:7ctELL5vtMLu831Bd6i2uB,https://api.spotify.com/v1/tracks/7ctELL5vtMLu831Bd6i2uB,https://api.spotify.com/v1/audio-analysis/7ctELL5vtMLu831Bd6i2uB,225919,4
112,R&B ish,7ctELL5vtMLu831Bd6i2uB,Situations,RnB,0.661,0.714,1,-6.323,0,0.406,0.475,0.0,0.0973,0.428,81.024,audio_features,spotify:track:7ctELL5vtMLu831Bd6i2uB,https://api.spotify.com/v1/tracks/7ctELL5vtMLu831Bd6i2uB,https://api.spotify.com/v1/audio-analysis/7ctELL5vtMLu831Bd6i2uB,225919,4
113,idek,5lAnYvAIkSDNXqfo7DyFUm,Ain't Shit,RnB,0.855,0.488,3,-4.601,1,0.208,0.506,0.0,0.347,0.619,124.097,audio_features,spotify:track:5lAnYvAIkSDNXqfo7DyFUm,https://api.spotify.com/v1/tracks/5lAnYvAIkSDNXqfo7DyFUm,https://api.spotify.com/v1/audio-analysis/5lAnYvAIkSDNXqfo7DyFUm,174253,4
114,idek,2s4AcE9n80mSHl87lp4gIm,Wine Pon You (feat. Konshens),RnB,0.797,0.444,9,-7.738,0,0.0411,0.304,0.00126,0.107,0.138,95.035,audio_features,spotify:track:2s4AcE9n80mSHl87lp4gIm,https://api.spotify.com/v1/tracks/2s4AcE9n80mSHl87lp4gIm,https://api.spotify.com/v1/audio-analysis/2s4AcE9n80mSHl87lp4gIm,219000,4
115,idek,66H06L8hktjhduwRDWntDT,Stand Still,RnB,0.476,0.44,9,-8.198,0,0.0371,0.732,0.023,0.0773,0.161,149.389,audio_features,spotify:track:66H06L8hktjhduwRDWntDT,https://api.spotify.com/v1/tracks/66H06L8hktjhduwRDWntDT,https://api.spotify.com/v1/audio-analysis/66H06L8hktjhduwRDWntDT,283236,3
116,idek,0W6I02J9xcqK8MtSeosEXb,Get Into It (Yuh),RnB,0.912,0.655,8,-6.029,0,0.162,0.315,3.39e-05,0.0894,0.793,91.942,audio_features,spotify:track:0W6I02J9xcqK8MtSeosEXb,https://api.spotify.com/v1/tracks/0W6I02J9xcqK8MtSeosEXb,https://api.spotify.com/v1/audio-analysis/0W6I02J9xcqK8MtSeosEXb,138293,4
117,idek,3Vtl4Xc9cKVs1UoenXtScn,Floating (feat. Khalid) [filous Remix],RnB,0.757,0.614,4,-6.828,1,0.126,0.472,0.0,0.161,0.616,90.523,audio_features,spotify:track:3Vtl4Xc9cKVs1UoenXtScn,https://api.spotify.com/v1/tracks/3Vtl4Xc9cKVs1UoenXtScn,https://api.spotify.com/v1/audio-analysis/3Vtl4Xc9cKVs1UoenXtScn,200865,4
118,idek,7ISSqT0VPIh8A9tIVxurUu,Change My Mind,RnB,0.645,0.565,1,-10.714,0,0.0669,0.488,0.104,0.0953,0.318,136.191,audio_features,spotify:track:7ISSqT0VPIh8A9tIVxurUu,https://api.spotify.com/v1/tracks/7ISSqT0VPIh8A9tIVxurUu,https://api.spotify.com/v1/audio-analysis/7ISSqT0VPIh8A9tIVxurUu,174133,4
119,idek,3WPK4vjLMa9ZxaYetkh47M,My Whole Life,RnB,0.358,0.457,11,-11.281,0,0.0421,0.754,0.000469,0.259,0.336,180.144,audio_features,spotify:track:3WPK4vjLMa9ZxaYetkh47M,https://api.spotify.com/v1/tracks/3WPK4vjLMa9ZxaYetkh47M,https://api.spotify.com/v1/audio-analysis/3WPK4vjLMa9ZxaYetkh47M,162688,4
120,idek,16BMKSNU69eW0y1Q0vWvwa,Forget About You (Intimate),RnB,0.503,0.264,10,-9.762,0,0.0632,0.807,0.0,0.24,0.44,45.861,audio_features,spotify:track:16BMKSNU69eW0y1Q0vWvwa,https://api.spotify.com/v1/tracks/16BMKSNU69eW0y1Q0vWvwa,https://api.spotify.com/v1/audio-analysis/16BMKSNU69eW0y1Q0vWvwa,100739,4
121,idek,1m0DML2ofQeH65HwZXoDoZ,What Are We?,RnB,0.624,0.453,1,-6.007,0,0.0638,0.0146,0.0,0.168,0.356,122.268,audio_features,spotify:track:1m0DML2ofQeH65HwZXoDoZ,https://api.spotify.com/v1/tracks/1m0DML2ofQeH65HwZXoDoZ,https://api.spotify.com/v1/audio-analysis/1m0DML2ofQeH65HwZXoDoZ,160888,4
122,idek,6zaayoVlfFp5YmQArKWkRG,playing tricks,RnB,0.67,0.412,4,-8.213,0,0.0779,0.638,1.75e-05,0.0678,0.281,130.005,audio_features,spotify:track:6zaayoVlfFp5YmQArKWkRG,https://api.spotify.com/v1/tracks/6zaayoVlfFp5YmQArKWkRG,https://api.spotify.com/v1/audio-analysis/6zaayoVlfFp5YmQArKWkRG,184258,3
123,idek,3OHfY25tqY28d16oZczHc8,Kill Bill,RnB,0.644,0.728,8,-5.75,1,0.0351,0.0543,0.169,0.161,0.43,88.993,audio_features,spotify:track:3OHfY25tqY28d16oZczHc8,https://api.spotify.com/v1/tracks/3OHfY25tqY28d16oZczHc8,https://api.spotify.com/v1/audio-analysis/3OHfY25tqY28d16oZczHc8,153947,4
124,idek,61paqDrRJe8h4c5ypysurz,trippin',RnB,0.73,0.429,6,-10.033,0,0.0936,0.285,0.0,0.0911,0.239,133.966,audio_features,spotify:track:61paqDrRJe8h4c5ypysurz,https://api.spotify.com/v1/tracks/61paqDrRJe8h4c5ypysurz,https://api.spotify.com/v1/audio-analysis/61paqDrRJe8h4c5ypysurz,144000,4
125,idek,61paqDrRJe8h4c5ypysurz,trippin',RnB,0.73,0.429,6,-10.033,0,0.0936,0.285,0.0,0.0911,0.239,133.966,audio_features,spotify:track:61paqDrRJe8h4c5ypysurz,https://api.spotify.com/v1/tracks/61paqDrRJe8h4c5ypysurz,https://api.spotify.com/v1/audio-analysis/61paqDrRJe8h4c5ypysurz,144000,4
126,R&B ish,61paqDrRJe8h4c5ypysurz,trippin',RnB,0.73,0.429,6,-10.033,0,0.0936,0.285,0.0,0.0911,0.239,133.966,audio_features,spotify:track:61paqDrRJe8h4c5ypysurz,https://api.spotify.com/v1/tracks/61paqDrRJe8h4c5ypysurz,https://api.spotify.com/v1/audio-analysis/61paqDrRJe8h4c5ypysurz,144000,4
127,R&B ish,61paqDrRJe8h4c5ypysurz,trippin',RnB,0.73,0.429,6,-10.033,0,0.0936,0.285,0.0,0.0911,0.239,133.966,audio_features,spotify:track:61paqDrRJe8h4c5ypysurz,https://api.spotify.com/v1/tracks/61paqDrRJe8h4c5ypysurz,https://api.spotify.com/v1/audio-analysis/61paqDrRJe8h4c5ypysurz,144000,4
128,idek,0jHVNBt8A9L8qEAB8XxGuB,Alone With You,RnB,0.567,0.348,10,-12.658,1,0.0667,0.767,0.0145,0.114,0.305,124.692,audio_features,spotify:track:0jHVNBt8A9L8qEAB8XxGuB,https://api.spotify.com/v1/tracks/0jHVNBt8A9L8qEAB8XxGuB,https://api.spotify.com/v1/audio-analysis/0jHVNBt8A9L8qEAB8XxGuB,226278,3
129,idek,7jtmFB5v6jXFsX6zVccf1U,All You Need,RnB,0.621,0.72,7,-5.92,0,0.137,0.367,2.06e-06,0.231,0.503,81.998,audio_features,spotify:track:7jtmFB5v6jXFsX6zVccf1U,https://api.spotify.com/v1/tracks/7jtmFB5v6jXFsX6zVccf1U,https://api.spotify.com/v1/audio-analysis/7jtmFB5v6jXFsX6zVccf1U,224993,4
130,idek,2i2gDpKKWjvnRTOZRhaPh2,Moonlight,RnB,0.64,0.719,7,-6.452,0,0.0516,0.477,0.0,0.16,0.889,136.79,audio_features,spotify:track:2i2gDpKKWjvnRTOZRhaPh2,https://api.spotify.com/v1/tracks/2i2gDpKKWjvnRTOZRhaPh2,https://api.spotify.com/v1/audio-analysis/2i2gDpKKWjvnRTOZRhaPh2,187558,4
131,idfk,0ReYguSkVDkCaHioRnladI,Tim Duncan,Rap,0.801,0.379,4,-12.719,0,0.106,0.0288,0.00135,0.345,0.181,139.975,audio_features,spotify:track:0ReYguSkVDkCaHioRnladI,https://api.spotify.com/v1/tracks/0ReYguSkVDkCaHioRnladI,https://api.spotify.com/v1/audio-analysis/0ReYguSkVDkCaHioRnladI,116651,4
132,idfk,439EmunDAlipjDuejCQDjQ,Skinny Ramen Freestyle,Rap,0.647,0.702,7,-8.531,1,0.08,0.345,4.49e-05,0.436,0.493,125.091,audio_features,spotify:track:439EmunDAlipjDuejCQDjQ,https://api.spotify.com/v1/tracks/439EmunDAlipjDuejCQDjQ,https://api.spotify.com/v1/audio-analysis/439EmunDAlipjDuejCQDjQ,118247,4
133,idfk,3S68RFe1lsdCdTMPIMJM3X,Cash In Cash Out,Rap,0.877,0.56,7,-3.751,1,0.0596,0.00721,1.45e-06,0.0839,0.154,119.971,audio_features,spotify:track:3S68RFe1lsdCdTMPIMJM3X,https://api.spotify.com/v1/tracks/3S68RFe1lsdCdTMPIMJM3X,https://api.spotify.com/v1/audio-analysis/3S68RFe1lsdCdTMPIMJM3X,216136,4
134,idfk,73MgFc3aipJgqFH75Qttux,Take A Guess,Rap,0.787,0.739,1,-4.735,1,0.0831,0.0277,5.7e-06,0.146,0.63,174.02,audio_features,spotify:track:73MgFc3aipJgqFH75Qttux,https://api.spotify.com/v1/tracks/73MgFc3aipJgqFH75Qttux,https://api.spotify.com/v1/audio-analysis/73MgFc3aipJgqFH75Qttux,128276,4
135,idfk,3gDRZkL8YfzpZg1N1YsW5x,Frankenstein (feat. A$AP Rocky),Rap,0.531,0.612,1,-7.966,1,0.306,0.0119,9.84e-05,0.311,0.226,105.997,audio_features,spotify:track:3gDRZkL8YfzpZg1N1YsW5x,https://api.spotify.com/v1/tracks/3gDRZkL8YfzpZg1N1YsW5x,https://api.spotify.com/v1/audio-analysis/3gDRZkL8YfzpZg1N1YsW5x,207360,4
136,idfk,3qX1dqmDdmMvvfMVfsx4Bh,m.A.A.d city,Rap,0.487,0.729,2,-6.815,1,0.271,0.0538,4.09e-06,0.44,0.217,91.066,audio_features,spotify:track:3qX1dqmDdmMvvfMVfsx4Bh,https://api.spotify.com/v1/tracks/3qX1dqmDdmMvvfMVfsx4Bh,https://api.spotify.com/v1/audio-analysis/3qX1dqmDdmMvvfMVfsx4Bh,350120,4
137,idfk,0WSEq9Ko4kFPt8yo3ICd6T,Praise God,Rap,0.798,0.545,1,-6.466,1,0.168,0.00904,9.48e-05,0.258,0.212,118.029,audio_features,spotify:track:0WSEq9Ko4kFPt8yo3ICd6T,https://api.spotify.com/v1/tracks/0WSEq9Ko4kFPt8yo3ICd6T,https://api.spotify.com/v1/audio-analysis/0WSEq9Ko4kFPt8yo3ICd6T,226653,4
138,idfk,40wpfEM2ua8FcGbiDo4xRN,sheik,Rap,0.692,0.5,5,-11.733,0,0.296,0.301,0.0,0.184,0.649,130.108,audio_features,spotify:track:40wpfEM2ua8FcGbiDo4xRN,https://api.spotify.com/v1/tracks/40wpfEM2ua8FcGbiDo4xRN,https://api.spotify.com/v1/audio-analysis/40wpfEM2ua8FcGbiDo4xRN,105231,4
139,idfk,06ikpucZqnG1ZeXX1fWsaa,WeCanGetGum,Rap,0.691,0.341,2,-6.56,1,0.0615,0.812,0.384,0.168,0.0893,173.009,audio_features,spotify:track:06ikpucZqnG1ZeXX1fWsaa,https://api.spotify.com/v1/tracks/06ikpucZqnG1ZeXX1fWsaa,https://api.spotify.com/v1/audio-analysis/06ikpucZqnG1ZeXX1fWsaa,86309,4
140,idfk,6jy9yJfgCsMHdu2Oz4BGKX,Papi’s Home,Rap,0.701,0.741,2,-6.157,1,0.313,0.112,0.0,0.699,0.588,140.177,audio_features,spotify:track:6jy9yJfgCsMHdu2Oz4BGKX,https://api.spotify.com/v1/tracks/6jy9yJfgCsMHdu2Oz4BGKX,https://api.spotify.com/v1/audio-analysis/6jy9yJfgCsMHdu2Oz4BGKX,178623,4
141,idfk,1bDbXMyjaUIooNwFE9wn0N,Rich Flex,Rap,0.549,0.518,4,-9.39,0,0.257,0.0517,1.21e-06,0.378,0.418,160.07,audio_features,spotify:track:1bDbXMyjaUIooNwFE9wn0N,https://api.spotify.com/v1/tracks/1bDbXMyjaUIooNwFE9wn0N,https://api.spotify.com/v1/audio-analysis/1bDbXMyjaUIooNwFE9wn0N,239360,4
142,idfk,46s57QULU02Voy0Kup6UEb,Major Distribution,Rap,0.911,0.536,11,-10.491,1,0.33,0.0113,0.0,0.0697,0.231,131.035,audio_features,spotify:track:46s57QULU02Voy0Kup6UEb,https://api.spotify.com/v1/tracks/46s57QULU02Voy0Kup6UEb,https://api.spotify.com/v1/audio-analysis/46s57QULU02Voy0Kup6UEb,170502,4
143,idfk,2BcMwX1MPV6ZHP4tUT9uq6,Knife Talk (with 21 Savage ft. Project Pat),Rap,0.849,0.424,5,-9.579,0,0.324,0.0635,0.0,0.0834,0.153,145.887,audio_features,spotify:track:2BcMwX1MPV6ZHP4tUT9uq6,https://api.spotify.com/v1/tracks/2BcMwX1MPV6ZHP4tUT9uq6,https://api.spotify.com/v1/audio-analysis/2BcMwX1MPV6ZHP4tUT9uq6,242966,4
144,idfk,5eqK0tbzUPo2SoeZsov04s,Bank Account,Rap,0.884,0.347,8,-8.227,0,0.35,0.015,7e-06,0.0871,0.376,75.016,audio_features,spotify:track:5eqK0tbzUPo2SoeZsov04s,https://api.spotify.com/v1/tracks/5eqK0tbzUPo2SoeZsov04s,https://api.spotify.com/v1/audio-analysis/5eqK0tbzUPo2SoeZsov04s,220307,4
145,idfk,2t8yVaLvJ0RenpXUIAC52d,a lot,Rap,0.837,0.636,1,-7.643,1,0.086,0.0395,0.00125,0.342,0.274,145.972,audio_features,spotify:track:2t8yVaLvJ0RenpXUIAC52d,https://api.spotify.com/v1/tracks/2t8yVaLvJ0RenpXUIAC52d,https://api.spotify.com/v1/audio-analysis/2t8yVaLvJ0RenpXUIAC52d,288624,4
146,idfk,3F5CgOj3wFlRv51JsHbxhe,Jimmy Cooks (feat. 21 Savage),Rap,0.529,0.673,0,-4.711,1,0.175,0.000307,2.41e-06,0.093,0.366,165.921,audio_features,spotify:track:3F5CgOj3wFlRv51JsHbxhe,https://api.spotify.com/v1/tracks/3F5CgOj3wFlRv51JsHbxhe,https://api.spotify.com/v1/audio-analysis/3F5CgOj3wFlRv51JsHbxhe,218365,4
147,idfk,2usroxzmHULPvY5TNG1Vlq,fujifreestyle,Rap,0.861,0.402,8,-10.061,1,0.347,0.386,1.14e-06,0.164,0.429,126.322,audio_features,spotify:track:2usroxzmHULPvY5TNG1Vlq,https://api.spotify.com/v1/tracks/2usroxzmHULPvY5TNG1Vlq,https://api.spotify.com/v1/audio-analysis/2usroxzmHULPvY5TNG1Vlq,107926,4
148,idfk,5MelFaia7UyOxn3Xkhcunf,OG!,Rap,0.729,0.653,8,-4.601,1,0.105,0.00463,1.27e-06,0.471,0.35,92.573,audio_features,spotify:track:5MelFaia7UyOxn3Xkhcunf,https://api.spotify.com/v1/tracks/5MelFaia7UyOxn3Xkhcunf,https://api.spotify.com/v1/audio-analysis/5MelFaia7UyOxn3Xkhcunf,95070,4
149,idfk,4edV6rg1hj1SsTIrcEMPvi,Rich Rich,Rap,0.754,0.708,0,-5.914,1,0.0329,0.000229,0.00407,0.0564,0.694,146.949,audio_features,spotify:track:4edV6rg1hj1SsTIrcEMPvi,https://api.spotify.com/v1/tracks/4edV6rg1hj1SsTIrcEMPvi,https://api.spotify.com/v1/audio-analysis/4edV6rg1hj1SsTIrcEMPvi,139743,4
150,idfk,0fX4oNGBWO3dSGUZcVdVV2,N95,Rap,0.79,0.67,1,-5.527,1,0.105,0.377,2.32e-06,0.119,0.408,139.956,audio_features,spotify:track:0fX4oNGBWO3dSGUZcVdVV2,https://api.spotify.com/v1/tracks/0fX4oNGBWO3dSGUZcVdVV2,https://api.spotify.com/v1/audio-analysis/0fX4oNGBWO3dSGUZcVdVV2,195950,4
151,idfk,3DWjFSDEQ9IWz1mj449fB7,Get Back,Rap,0.799,0.649,9,-6.546,1,0.306,0.0746,1.33e-05,0.517,0.566,142.004,audio_features,spotify:track:3DWjFSDEQ9IWz1mj449fB7,https://api.spotify.com/v1/tracks/3DWjFSDEQ9IWz1mj449fB7,https://api.spotify.com/v1/audio-analysis/3DWjFSDEQ9IWz1mj449fB7,108160,4
152,idfk,5SWnsxjhdcEDc7LJjq9UHk,Runnin,Rap,0.819,0.626,10,-4.574,0,0.202,0.00748,0.101,0.167,0.415,143.01,audio_features,spotify:track:5SWnsxjhdcEDc7LJjq9UHk,https://api.spotify.com/v1/tracks/5SWnsxjhdcEDc7LJjq9UHk,https://api.spotify.com/v1/audio-analysis/5SWnsxjhdcEDc7LJjq9UHk,195906,4
153,idfk,1M0ksKzSWyU756Vkdn148v,Euro$tep,Rap,0.834,0.584,11,-5.471,0,0.172,0.173,0.391,0.248,0.285,121.957,audio_features,spotify:track:1M0ksKzSWyU756Vkdn148v,https://api.spotify.com/v1/tracks/1M0ksKzSWyU756Vkdn148v,https://api.spotify.com/v1/audio-analysis/1M0ksKzSWyU756Vkdn148v,147230,4
154,idfk,6HZILIRieu8S0iqY8kIKhj,DNA.,Rap,0.638,0.523,1,-6.664,1,0.357,0.00454,0.0,0.0842,0.422,139.913,audio_features,spotify:track:6HZILIRieu8S0iqY8kIKhj,https://api.spotify.com/v1/tracks/6HZILIRieu8S0iqY8kIKhj,https://api.spotify.com/v1/audio-analysis/6HZILIRieu8S0iqY8kIKhj,185947,4
155,idfk,7KXjTSCq5nL1LoYtL7XAwS,HUMBLE.,Rap,0.908,0.621,1,-6.638,0,0.102,0.000282,5.39e-05,0.0958,0.421,150.011,audio_features,spotify:track:7KXjTSCq5nL1LoYtL7XAwS,https://api.spotify.com/v1/tracks/7KXjTSCq5nL1LoYtL7XAwS,https://api.spotify.com/v1/audio-analysis/7KXjTSCq5nL1LoYtL7XAwS,177000,4
156,idfk,5Gt9bxniM1SxN61yRzRhXL,United In Grief,Rap,0.529,0.845,8,-8.142,1,0.404,0.244,0.0,0.143,0.331,85.63,audio_features,spotify:track:5Gt9bxniM1SxN61yRzRhXL,https://api.spotify.com/v1/tracks/5Gt9bxniM1SxN61yRzRhXL,https://api.spotify.com/v1/audio-analysis/5Gt9bxniM1SxN61yRzRhXL,255378,3
157,R&B ish,1rC73SzixUBSQL9Ldf5ZOr,Undo (Back To My Heart),RnB,0.669,0.734,5,-4.289,1,0.0534,0.124,9.6e-05,0.175,0.432,100.066,audio_features,spotify:track:1rC73SzixUBSQL9Ldf5ZOr,https://api.spotify.com/v1/tracks/1rC73SzixUBSQL9Ldf5ZOr,https://api.spotify.com/v1/audio-analysis/1rC73SzixUBSQL9Ldf5ZOr,197995,4
158,R&B ish,6jDjdfe7npTAxfwVq2HRfr,Marigolds,RnB,0.701,0.711,0,-4.193,1,0.0322,0.0504,0.0304,0.14,0.567,133.027,audio_features,spotify:track:6jDjdfe7npTAxfwVq2HRfr,https://api.spotify.com/v1/tracks/6jDjdfe7npTAxfwVq2HRfr,https://api.spotify.com/v1/audio-analysis/6jDjdfe7npTAxfwVq2HRfr,221625,4
159,R&B ish,516aKioGJv1BmriFhzVrDX,Vapor Rub,RnB,0.615,0.599,1,-7.898,1,0.0873,0.507,3.72e-06,0.155,0.428,82.144,audio_features,spotify:track:516aKioGJv1BmriFhzVrDX,https://api.spotify.com/v1/tracks/516aKioGJv1BmriFhzVrDX,https://api.spotify.com/v1/audio-analysis/516aKioGJv1BmriFhzVrDX,176000,4
160,R&B ish,6N5QUrxpUVOMJGCb4zeUr5,Blossom,RnB,0.651,0.595,2,-7.899,1,0.307,0.12,8.24e-06,0.0964,0.113,141.046,audio_features,spotify:track:6N5QUrxpUVOMJGCb4zeUr5,https://api.spotify.com/v1/tracks/6N5QUrxpUVOMJGCb4zeUr5,https://api.spotify.com/v1/audio-analysis/6N5QUrxpUVOMJGCb4zeUr5,114720,4
161,R&B ish,7FFczcnyKPpQSQKxSpJ71V,SECRETS,RnB,0.938,0.311,6,-7.776,0,0.0602,0.492,0.0394,0.117,0.875,109.974,audio_features,spotify:track:7FFczcnyKPpQSQKxSpJ71V,https://api.spotify.com/v1/tracks/7FFczcnyKPpQSQKxSpJ71V,https://api.spotify.com/v1/audio-analysis/7FFczcnyKPpQSQKxSpJ71V,130077,4
162,R&B ish,5ngJKkOmjkN460b2ApBnLk,Don't,RnB,0.738,0.288,2,-8.721,0,0.0332,0.411,0.0,0.107,0.311,79.975,audio_features,spotify:track:5ngJKkOmjkN460b2ApBnLk,https://api.spotify.com/v1/tracks/5ngJKkOmjkN460b2ApBnLk,https://api.spotify.com/v1/audio-analysis/5ngJKkOmjkN460b2ApBnLk,208125,3
163,R&B ish,7B4UxdHwRKJYRhvXxmgZhM,universe,RnB,0.636,0.452,11,-8.298,1,0.0329,0.136,1.97e-06,0.104,0.0678,80.004,audio_features,spotify:track:7B4UxdHwRKJYRhvXxmgZhM,https://api.spotify.com/v1/tracks/7B4UxdHwRKJYRhvXxmgZhM,https://api.spotify.com/v1/audio-analysis/7B4UxdHwRKJYRhvXxmgZhM,186627,4
164,R&B ish,37HhnXqIRFSSJXWsysl6B7,Ride,RnB,0.757,0.393,5,-7.942,1,0.212,0.788,0.000986,0.0501,0.715,77.985,audio_features,spotify:track:37HhnXqIRFSSJXWsysl6B7,https://api.spotify.com/v1/tracks/37HhnXqIRFSSJXWsysl6B7,https://api.spotify.com/v1/audio-analysis/37HhnXqIRFSSJXWsysl6B7,181623,4
165,R&B ish,4gEQcoKNoLFLyhory3Y5Zr,If You Let Me,RnB,0.605,0.686,5,-8.605,1,0.0439,0.55,0.438,0.145,0.467,138.088,audio_features,spotify:track:4gEQcoKNoLFLyhory3Y5Zr,https://api.spotify.com/v1/tracks/4gEQcoKNoLFLyhory3Y5Zr,https://api.spotify.com/v1/audio-analysis/4gEQcoKNoLFLyhory3Y5Zr,135347,4
166,R&B ish,2wG9CUSBZaF15R2ohLAnoe,Juice,RnB,0.744,0.428,0,-6.723,1,0.0943,0.532,0.0,0.161,0.378,116.059,audio_features,spotify:track:2wG9CUSBZaF15R2ohLAnoe,https://api.spotify.com/v1/tracks/2wG9CUSBZaF15R2ohLAnoe,https://api.spotify.com/v1/audio-analysis/2wG9CUSBZaF15R2ohLAnoe,208025,4
167,R&B ish,5o5WaO9pzPhXSGIrTIYVce,Cherry Wine,RnB,0.74,0.563,11,-7.016,0,0.04,0.34,0.0,0.0824,0.577,104.958,audio_features,spotify:track:5o5WaO9pzPhXSGIrTIYVce,https://api.spotify.com/v1/tracks/5o5WaO9pzPhXSGIrTIYVce,https://api.spotify.com/v1/audio-analysis/5o5WaO9pzPhXSGIrTIYVce,173286,4
168,R&B ish,1tyxZ2buhi3Zn32j5LEpb5,Fall for You,RnB,0.574,0.462,1,-7.928,1,0.0324,0.661,2.71e-05,0.0855,0.501,139.909,audio_features,spotify:track:1tyxZ2buhi3Zn32j5LEpb5,https://api.spotify.com/v1/tracks/1tyxZ2buhi3Zn32j5LEpb5,https://api.spotify.com/v1/audio-analysis/1tyxZ2buhi3Zn32j5LEpb5,175942,4
169,R&B ish,6yfGer1TKpxOjhSd5eL0DL,Summer Is for Falling in Love,RnB,0.542,0.417,11,-8.05,1,0.218,0.469,6.87e-06,0.139,0.279,75.279,audio_features,spotify:track:6yfGer1TKpxOjhSd5eL0DL,https://api.spotify.com/v1/tracks/6yfGer1TKpxOjhSd5eL0DL,https://api.spotify.com/v1/audio-analysis/6yfGer1TKpxOjhSd5eL0DL,186467,4
170,R&B ish,28FniOyvSxbe92zYJDXAKx,Bad Side,RnB,0.672,0.349,8,-5.965,1,0.0809,0.835,0.0,0.114,0.246,120.718,audio_features,spotify:track:28FniOyvSxbe92zYJDXAKx,https://api.spotify.com/v1/tracks/28FniOyvSxbe92zYJDXAKx,https://api.spotify.com/v1/audio-analysis/28FniOyvSxbe92zYJDXAKx,160624,3
171,R&B ish,0OrwGH9aeguhopTVubv0VZ,tonight,RnB,0.719,0.63,5,-7.142,1,0.0853,0.255,0.557,0.141,0.4,170.103,audio_features,spotify:track:0OrwGH9aeguhopTVubv0VZ,https://api.spotify.com/v1/tracks/0OrwGH9aeguhopTVubv0VZ,https://api.spotify.com/v1/audio-analysis/0OrwGH9aeguhopTVubv0VZ,84875,4
172,R&B ish,2VtWKB9VhOzTvN6DIGa9e1,Yeah You (Thinkin Bout You),RnB,0.776,0.501,4,-7.396,0,0.173,0.54,0.0,0.261,0.509,101.94,audio_features,spotify:track:2VtWKB9VhOzTvN6DIGa9e1,https://api.spotify.com/v1/tracks/2VtWKB9VhOzTvN6DIGa9e1,https://api.spotify.com/v1/audio-analysis/2VtWKB9VhOzTvN6DIGa9e1,183695,4
173,R&B ish,3PPD1wg591kQnsws16mlkS,chances,RnB,0.748,0.472,3,-9.15,0,0.0557,0.0822,0.0,0.0525,0.605,141.93,audio_features,spotify:track:3PPD1wg591kQnsws16mlkS,https://api.spotify.com/v1/tracks/3PPD1wg591kQnsws16mlkS,https://api.spotify.com/v1/audio-analysis/3PPD1wg591kQnsws16mlkS,167313,4
174,R&B ish,4pqmFRZiyZSWbTGiF3CSvb,goodnight,RnB,0.72,0.458,11,-8.78,1,0.0437,0.755,4.37e-05,0.371,0.43,86.991,audio_features,spotify:track:4pqmFRZiyZSWbTGiF3CSvb,https://api.spotify.com/v1/tracks/4pqmFRZiyZSWbTGiF3CSvb,https://api.spotify.com/v1/audio-analysis/4pqmFRZiyZSWbTGiF3CSvb,176627,4
175,R&B ish,2L6LRAjdEcWvCobEsQcHKd,Time Traveling,RnB,0.739,0.45,9,-10.104,1,0.0529,0.369,0.0,0.232,0.262,71.994,audio_features,spotify:track:2L6LRAjdEcWvCobEsQcHKd,https://api.spotify.com/v1/tracks/2L6LRAjdEcWvCobEsQcHKd,https://api.spotify.com/v1/audio-analysis/2L6LRAjdEcWvCobEsQcHKd,189583,4
176,R&B ish,5vzLCcoKeO0Qw8eXUA4esF,I Could Imagine,RnB,0.572,0.466,8,-10.312,0,0.0491,0.546,0.000136,0.0861,0.415,148.104,audio_features,spotify:track:5vzLCcoKeO0Qw8eXUA4esF,https://api.spotify.com/v1/tracks/5vzLCcoKeO0Qw8eXUA4esF,https://api.spotify.com/v1/audio-analysis/5vzLCcoKeO0Qw8eXUA4esF,159160,3
177,R&B ish,4hD9dJBxYL7OUh6QgxBkM6,in my head,RnB,0.721,0.496,1,-9.805,0,0.0728,0.273,0.0,0.157,0.321,114.047,audio_features,spotify:track:4hD9dJBxYL7OUh6QgxBkM6,https://api.spotify.com/v1/tracks/4hD9dJBxYL7OUh6QgxBkM6,https://api.spotify.com/v1/audio-analysis/4hD9dJBxYL7OUh6QgxBkM6,188000,4
178,R&B ish,6rj48XPo5Gk9T7kXFYY93y,Strings,RnB,0.548,0.558,1,-4.339,0,0.227,0.46,0.0,0.0788,0.7,80.031,audio_features,spotify:track:6rj48XPo5Gk9T7kXFYY93y,https://api.spotify.com/v1/tracks/6rj48XPo5Gk9T7kXFYY93y,https://api.spotify.com/v1/audio-analysis/6rj48XPo5Gk9T7kXFYY93y,175808,4
179,R&B ish,4IEGZYUSKkgWMy8vpp1Z7H,end credits,RnB,0.383,0.271,0,-12.538,1,0.0832,0.919,0.0,0.368,0.341,69.234,audio_features,spotify:track:4IEGZYUSKkgWMy8vpp1Z7H,https://api.spotify.com/v1/tracks/4IEGZYUSKkgWMy8vpp1Z7H,https://api.spotify.com/v1/audio-analysis/4IEGZYUSKkgWMy8vpp1Z7H,248500,3
180,R&B ish,6JQfQXQ2xdZD6x516xNRJI,cheeze,RnB,0.812,0.379,2,-7.51,1,0.0675,0.342,0.0,0.0688,0.92,89.047,audio_features,spotify:track:6JQfQXQ2xdZD6x516xNRJI,https://api.spotify.com/v1/tracks/6JQfQXQ2xdZD6x516xNRJI,https://api.spotify.com/v1/audio-analysis/6JQfQXQ2xdZD6x516xNRJI,158804,4
181,R&B ish,0Y4xg5612xZ3vAgWEkMjw3,Far Away,RnB,0.768,0.519,5,-8.494,1,0.0739,0.402,0.0,0.183,0.452,112.973,audio_features,spotify:track:0Y4xg5612xZ3vAgWEkMjw3,https://api.spotify.com/v1/tracks/0Y4xg5612xZ3vAgWEkMjw3,https://api.spotify.com/v1/audio-analysis/0Y4xg5612xZ3vAgWEkMjw3,185084,4
182,R&B ish,7HDpgbWMVzI8bEbdldw3cs,One Way (feat. T-Pain) - Bonus,RnB,0.425,0.406,4,-8.911,0,0.176,0.73,3.59e-06,0.107,0.124,184.061,audio_features,spotify:track:7HDpgbWMVzI8bEbdldw3cs,https://api.spotify.com/v1/tracks/7HDpgbWMVzI8bEbdldw3cs,https://api.spotify.com/v1/audio-analysis/7HDpgbWMVzI8bEbdldw3cs,286957,4
183,R&B ish,5FU3o15yeIzWI2jo7h9Abn,Cold War (IAMNOBODI Remix),RnB,0.675,0.401,1,-7.141,0,0.147,0.43,0.511,0.13,0.0575,154.052,audio_features,spotify:track:5FU3o15yeIzWI2jo7h9Abn,https://api.spotify.com/v1/tracks/5FU3o15yeIzWI2jo7h9Abn,https://api.spotify.com/v1/audio-analysis/5FU3o15yeIzWI2jo7h9Abn,187135,4
184,Classical,3UbM8vndndd1rD8Hu23EVJ,"Chopin: Nocturne No. 1 in B-Flat Minor, Op. 9 No. 1",Classical,0.3,0.0109,1,-28.419,1,0.0432,0.99,0.925,0.101,0.0392,88.697,audio_features,spotify:track:3UbM8vndndd1rD8Hu23EVJ,https://api.spotify.com/v1/tracks/3UbM8vndndd1rD8Hu23EVJ,https://api.spotify.com/v1/audio-analysis/3UbM8vndndd1rD8Hu23EVJ,401093,3
185,Classical,2Vm4KKNzam384WEaiVV7Fd,"Beethoven: Piano Sonata No. 8 in C Minor, Op. 13 ""Pathétique"": II. Adagio cantabile",Classical,0.336,0.00602,8,-32.827,1,0.0489,0.995,0.933,0.114,0.172,94.373,audio_features,spotify:track:2Vm4KKNzam384WEaiVV7Fd,https://api.spotify.com/v1/tracks/2Vm4KKNzam384WEaiVV7Fd,https://api.spotify.com/v1/audio-analysis/2Vm4KKNzam384WEaiVV7Fd,345867,4
186,Classical,0Bk7BJYyXTiSwZeD0DBqYZ,"Mozart: Fantasia for Piano in D Minor, K. 397",Classical,0.412,0.0156,2,-30.973,1,0.0527,0.992,0.925,0.0825,0.0997,131.797,audio_features,spotify:track:0Bk7BJYyXTiSwZeD0DBqYZ,https://api.spotify.com/v1/tracks/0Bk7BJYyXTiSwZeD0DBqYZ,https://api.spotify.com/v1/audio-analysis/0Bk7BJYyXTiSwZeD0DBqYZ,355760,4
187,Classical,7kJ5uGM45SzBjGayiCzc2j,"Chopin: Waltz No. 3 in A Minor, Op. 34 No. 2",Classical,0.38,0.0104,9,-29.954,0,0.0399,0.995,0.916,0.0676,0.0709,67.164,audio_features,spotify:track:7kJ5uGM45SzBjGayiCzc2j,https://api.spotify.com/v1/tracks/7kJ5uGM45SzBjGayiCzc2j,https://api.spotify.com/v1/audio-analysis/7kJ5uGM45SzBjGayiCzc2j,349933,3
188,Classical,4sQCEF9rwwuVqMXXYVWCK2,"Chopin: Waltz No. 10 in B Minor, Op. Posth. 69 No. 2",Classical,0.413,0.0446,11,-25.54,0,0.0481,0.993,0.934,0.123,0.184,70.078,audio_features,spotify:track:4sQCEF9rwwuVqMXXYVWCK2,https://api.spotify.com/v1/tracks/4sQCEF9rwwuVqMXXYVWCK2,https://api.spotify.com/v1/audio-analysis/4sQCEF9rwwuVqMXXYVWCK2,274640,4
189,Classical,41f6vjOw18Q9ZKSrrZvjFV,Pavane Pour Une Infante Défunte,Classical,0.513,0.0794,3,-16.503,0,0.103,0.995,0.954,0.0932,0.152,69.339,audio_features,spotify:track:41f6vjOw18Q9ZKSrrZvjFV,https://api.spotify.com/v1/tracks/41f6vjOw18Q9ZKSrrZvjFV,https://api.spotify.com/v1/audio-analysis/41f6vjOw18Q9ZKSrrZvjFV,432144,4
190,Classical,5i2SrkKMPRSgKosCNhZG4G,"Carnaval, Op. 9: No. 12. Chopin",Classical,0.235,0.00858,10,-35.138,0,0.0356,0.993,0.901,0.0947,0.0526,77.518,audio_features,spotify:track:5i2SrkKMPRSgKosCNhZG4G,https://api.spotify.com/v1/tracks/5i2SrkKMPRSgKosCNhZG4G,https://api.spotify.com/v1/audio-analysis/5i2SrkKMPRSgKosCNhZG4G,81893,3
191,Classical,6Niapb73wqu8XuWE86Mluu,"Pavane Pour Une Infante Défunte, M. 19",Classical,0.556,0.0625,4,-19.918,0,0.0592,0.995,0.951,0.122,0.155,113.069,audio_features,spotify:track:6Niapb73wqu8XuWE86Mluu,https://api.spotify.com/v1/tracks/6Niapb73wqu8XuWE86Mluu,https://api.spotify.com/v1/audio-analysis/6Niapb73wqu8XuWE86Mluu,203915,4
192,Classical,0dC9qLvYBnZACQjoshSuUl,"Ravel: Pavane pour une infante défunte, M. 19",Classical,0.554,0.0126,4,-24.994,0,0.0983,0.995,0.933,0.0978,0.0868,98.915,audio_features,spotify:track:0dC9qLvYBnZACQjoshSuUl,https://api.spotify.com/v1/tracks/0dC9qLvYBnZACQjoshSuUl,https://api.spotify.com/v1/audio-analysis/0dC9qLvYBnZACQjoshSuUl,427707,3
193,Classical,2NckA0kmlABn1ZqgewqxGa,"Chopin: Nocturne No. 19 in E Minor, Op. Posth. 72 No. 1",Classical,0.301,0.0137,4,-28.375,0,0.0375,0.992,0.865,0.0633,0.125,72.274,audio_features,spotify:track:2NckA0kmlABn1ZqgewqxGa,https://api.spotify.com/v1/tracks/2NckA0kmlABn1ZqgewqxGa,https://api.spotify.com/v1/audio-analysis/2NckA0kmlABn1ZqgewqxGa,271240,4
194,Classical,5Aa3InQJHLUtSvTDtXXMsW,"Le Carnaval des Animaux, R. 125: 13. Le Cygne",Classical,0.167,0.02,7,-31.634,1,0.0413,0.992,0.928,0.0714,0.0431,129.916,audio_features,spotify:track:5Aa3InQJHLUtSvTDtXXMsW,https://api.spotify.com/v1/tracks/5Aa3InQJHLUtSvTDtXXMsW,https://api.spotify.com/v1/audio-analysis/5Aa3InQJHLUtSvTDtXXMsW,165307,4
195,Classical,0BFXtfNDEYp9AkCIQIaa2J,"16 Waltzes, Op. 39: No. 9 In D Minor",Classical,0.45,0.00251,10,-38.718,1,0.0535,0.995,0.926,0.0571,0.0896,62.44,audio_features,spotify:track:0BFXtfNDEYp9AkCIQIaa2J,https://api.spotify.com/v1/tracks/0BFXtfNDEYp9AkCIQIaa2J,https://api.spotify.com/v1/audio-analysis/0BFXtfNDEYp9AkCIQIaa2J,85707,5
196,Classical,1xky6QliZ0gPbdnatVdb4Q,"Children's Album No. 1 ""Pictures of Childhood"": No. 1, Andantino",Classical,0.419,0.00997,8,-32.651,1,0.0568,0.996,0.886,0.0934,0.133,84.044,audio_features,spotify:track:1xky6QliZ0gPbdnatVdb4Q,https://api.spotify.com/v1/tracks/1xky6QliZ0gPbdnatVdb4Q,https://api.spotify.com/v1/audio-analysis/1xky6QliZ0gPbdnatVdb4Q,96240,4
197,Classical,0J2lmSTQQWhTiglHDbhLWm,"Waltz No. 1, Collapse",Classical,0.505,0.0239,9,-27.412,0,0.0445,0.994,0.956,0.123,0.193,155.588,audio_features,spotify:track:0J2lmSTQQWhTiglHDbhLWm,https://api.spotify.com/v1/tracks/0J2lmSTQQWhTiglHDbhLWm,https://api.spotify.com/v1/audio-analysis/0J2lmSTQQWhTiglHDbhLWm,156039,3
198,Classical,5D4tWDaOlO87hHSAalN3VV,Flatey,Classical,0.433,0.00805,0,-35.456,0,0.0387,0.995,0.912,0.137,0.192,71.471,audio_features,spotify:track:5D4tWDaOlO87hHSAalN3VV,https://api.spotify.com/v1/tracks/5D4tWDaOlO87hHSAalN3VV,https://api.spotify.com/v1/audio-analysis/5D4tWDaOlO87hHSAalN3VV,80085,4
199,Covers,1Aesn1HI5seV4brIOJsUKv,Leaving on a Jet Plane - Acoustic,Covers,0.597,0.0795,1,-14.349,0,0.0415,0.88,4.52e-06,0.125,0.439,116.413,audio_features,spotify:track:1Aesn1HI5seV4brIOJsUKv,https://api.spotify.com/v1/tracks/1Aesn1HI5seV4brIOJsUKv,https://api.spotify.com/v1/audio-analysis/1Aesn1HI5seV4brIOJsUKv,251587,4
200,Covers,3mPn97K8T07095yVSpYr6d,tonight you belong to me (feat. Paul & Carmella Costabile),Covers,0.682,0.118,2,-10.989,1,0.0362,0.986,2.34e-06,0.355,0.451,116.127,audio_features,spotify:track:3mPn97K8T07095yVSpYr6d,https://api.spotify.com/v1/tracks/3mPn97K8T07095yVSpYr6d,https://api.spotify.com/v1/audio-analysis/3mPn97K8T07095yVSpYr6d,86040,4
201,Covers,0ak7menu48sIUr2jBUj3xm,Put Your Head On My Shoulder,Covers,0.56,0.143,9,-9.554,1,0.0342,0.968,0.000195,0.0938,0.46,97.879,audio_features,spotify:track:0ak7menu48sIUr2jBUj3xm,https://api.spotify.com/v1/tracks/0ak7menu48sIUr2jBUj3xm,https://api.spotify.com/v1/audio-analysis/0ak7menu48sIUr2jBUj3xm,174094,3
202,Covers,4RxyIfOAN8HsjBBoKKt0A4,Fly Me to the Moon,Covers,0.721,0.2,6,-16.09,0,0.041,0.921,0.0159,0.0983,0.157,144.027,audio_features,spotify:track:4RxyIfOAN8HsjBBoKKt0A4,https://api.spotify.com/v1/tracks/4RxyIfOAN8HsjBBoKKt0A4,https://api.spotify.com/v1/audio-analysis/4RxyIfOAN8HsjBBoKKt0A4,190877,4
203,Covers,2RYdQlV1xeFT3gHCrUDOZ8,Can't Help Falling in Love,Covers,0.436,0.0378,2,-13.279,1,0.0483,0.974,3.14e-05,0.0983,0.309,122.028,audio_features,spotify:track:2RYdQlV1xeFT3gHCrUDOZ8,https://api.spotify.com/v1/tracks/2RYdQlV1xeFT3gHCrUDOZ8,https://api.spotify.com/v1/audio-analysis/2RYdQlV1xeFT3gHCrUDOZ8,217121,4
204,Covers,4XlevPQOF6GkZCS2yWOkNn,Build Me Up Buttercup,Covers,0.721,0.0963,0,-15.973,1,0.0502,0.945,1.03e-06,0.133,0.576,124.868,audio_features,spotify:track:4XlevPQOF6GkZCS2yWOkNn,https://api.spotify.com/v1/tracks/4XlevPQOF6GkZCS2yWOkNn,https://api.spotify.com/v1/audio-analysis/4XlevPQOF6GkZCS2yWOkNn,166320,4
205,Covers,4XlevPQOF6GkZCS2yWOkNn,Build Me Up Buttercup,Covers,0.721,0.0963,0,-15.973,1,0.0502,0.945,1.03e-06,0.133,0.576,124.868,audio_features,spotify:track:4XlevPQOF6GkZCS2yWOkNn,https://api.spotify.com/v1/tracks/4XlevPQOF6GkZCS2yWOkNn,https://api.spotify.com/v1/audio-analysis/4XlevPQOF6GkZCS2yWOkNn,166320,4
206,Easy,4XlevPQOF6GkZCS2yWOkNn,Build Me Up Buttercup,Easy,0.721,0.0963,0,-15.973,1,0.0502,0.945,1.03e-06,0.133,0.576,124.868,audio_features,spotify:track:4XlevPQOF6GkZCS2yWOkNn,https://api.spotify.com/v1/tracks/4XlevPQOF6GkZCS2yWOkNn,https://api.spotify.com/v1/audio-analysis/4XlevPQOF6GkZCS2yWOkNn,166320,4
207,Easy,4XlevPQOF6GkZCS2yWOkNn,Build Me Up Buttercup,Easy,0.721,0.0963,0,-15.973,1,0.0502,0.945,1.03e-06,0.133,0.576,124.868,audio_features,spotify:track:4XlevPQOF6GkZCS2yWOkNn,https://api.spotify.com/v1/tracks/4XlevPQOF6GkZCS2yWOkNn,https://api.spotify.com/v1/audio-analysis/4XlevPQOF6GkZCS2yWOkNn,166320,4
208,Covers,4DDD2P6dJurAgk3IYWqK3p,How Deep Is Your Love,Covers,0.3,0.303,8,-12.089,1,0.0796,0.919,3.35e-06,0.0967,0.119,201.242,audio_features,spotify:track:4DDD2P6dJurAgk3IYWqK3p,https://api.spotify.com/v1/tracks/4DDD2P6dJurAgk3IYWqK3p,https://api.spotify.com/v1/audio-analysis/4DDD2P6dJurAgk3IYWqK3p,204653,4
209,Covers,6ZnzTxJDDbq7z45Hw53TMx,What A Wonderful World - Live Acoustic,Covers,0.596,0.079,0,-15.224,1,0.0537,0.993,0.00181,0.115,0.449,114.353,audio_features,spotify:track:6ZnzTxJDDbq7z45Hw53TMx,https://api.spotify.com/v1/tracks/6ZnzTxJDDbq7z45Hw53TMx,https://api.spotify.com/v1/audio-analysis/6ZnzTxJDDbq7z45Hw53TMx,131120,4
210,Covers,3wMJQ5qeN02ljNn3lRMVka,Habits,Covers,0.548,0.364,5,-9.465,1,0.0547,0.86,0.0,0.385,0.506,116.556,audio_features,spotify:track:3wMJQ5qeN02ljNn3lRMVka,https://api.spotify.com/v1/tracks/3wMJQ5qeN02ljNn3lRMVka,https://api.spotify.com/v1/audio-analysis/3wMJQ5qeN02ljNn3lRMVka,215866,4
211,Covers,6xKeQgzfjixSUld14qUezm,ily (i love you baby),Covers,0.706,0.112,2,-18.098,1,0.0391,0.827,4.03e-06,0.125,0.414,110.154,audio_features,spotify:track:6xKeQgzfjixSUld14qUezm,https://api.spotify.com/v1/tracks/6xKeQgzfjixSUld14qUezm,https://api.spotify.com/v1/audio-analysis/6xKeQgzfjixSUld14qUezm,129751,4
212,Covers,6H4TRMGGpq0BtQqjKGBFJy,Tyler Durden,Covers,0.797,0.0905,0,-16.793,1,0.0433,0.899,0.000292,0.11,0.726,120.115,audio_features,spotify:track:6H4TRMGGpq0BtQqjKGBFJy,https://api.spotify.com/v1/tracks/6H4TRMGGpq0BtQqjKGBFJy,https://api.spotify.com/v1/audio-analysis/6H4TRMGGpq0BtQqjKGBFJy,82000,4
213,Easy,2IAR0DziHCjSu16gR4ihvy,Nothing,Easy,0.555,0.27,2,-15.892,1,0.0884,0.931,0.536,0.103,0.274,139.691,audio_features,spotify:track:2IAR0DziHCjSu16gR4ihvy,https://api.spotify.com/v1/tracks/2IAR0DziHCjSu16gR4ihvy,https://api.spotify.com/v1/audio-analysis/2IAR0DziHCjSu16gR4ihvy,162797,3
214,Easy,5unXHHcSQLGO19RuVqZB6d,The Most Beautiful Thing,Easy,0.806,0.362,7,-10.381,1,0.0345,0.535,0.045,0.111,0.42,127.502,audio_features,spotify:track:5unXHHcSQLGO19RuVqZB6d,https://api.spotify.com/v1/tracks/5unXHHcSQLGO19RuVqZB6d,https://api.spotify.com/v1/audio-analysis/5unXHHcSQLGO19RuVqZB6d,235427,4
215,Easy,0j7sWqI2qyFaVSdcwzcb9N,Old Fashioned,Easy,0.74,0.242,2,-9.003,1,0.0472,0.736,0.00156,0.0972,0.331,131.987,audio_features,spotify:track:0j7sWqI2qyFaVSdcwzcb9N,https://api.spotify.com/v1/tracks/0j7sWqI2qyFaVSdcwzcb9N,https://api.spotify.com/v1/audio-analysis/0j7sWqI2qyFaVSdcwzcb9N,199904,3
216,Easy,6Ub9ro6DKs0u0J0zIBw5Of,Second Time,Easy,0.627,0.309,5,-12.783,1,0.0382,0.887,0.0316,0.19,0.406,92.6,audio_features,spotify:track:6Ub9ro6DKs0u0J0zIBw5Of,https://api.spotify.com/v1/tracks/6Ub9ro6DKs0u0J0zIBw5Of,https://api.spotify.com/v1/audio-analysis/6Ub9ro6DKs0u0J0zIBw5Of,155617,4
217,Easy,3A7Etq2wGE9cYqLIma97Tt,Aphrodite,Easy,0.717,0.298,6,-9.237,0,0.0394,0.555,0.00293,0.0997,0.262,116.039,audio_features,spotify:track:3A7Etq2wGE9cYqLIma97Tt,https://api.spotify.com/v1/tracks/3A7Etq2wGE9cYqLIma97Tt,https://api.spotify.com/v1/audio-analysis/3A7Etq2wGE9cYqLIma97Tt,271000,4
218,Easy,2HMMxCBemHQY4Qktdtcpwj,Camped,Easy,0.632,0.375,8,-13.582,1,0.0422,0.69,1.98e-05,0.128,0.342,133.009,audio_features,spotify:track:2HMMxCBemHQY4Qktdtcpwj,https://api.spotify.com/v1/tracks/2HMMxCBemHQY4Qktdtcpwj,https://api.spotify.com/v1/audio-analysis/2HMMxCBemHQY4Qktdtcpwj,220602,4
219,Easy,4pV3f1Nn5XtyA9x60rFan7,May I Ask,Easy,0.718,0.357,2,-8.843,1,0.0437,0.407,0.0,0.0897,0.347,146.006,audio_features,spotify:track:4pV3f1Nn5XtyA9x60rFan7,https://api.spotify.com/v1/tracks/4pV3f1Nn5XtyA9x60rFan7,https://api.spotify.com/v1/audio-analysis/4pV3f1Nn5XtyA9x60rFan7,230548,4
220,Easy,6NK9sI0Lnsiwn6I0MbWWxn,Take On Me - 2017 Acoustic,Easy,0.437,0.188,9,-10.868,1,0.0307,0.92,1.26e-05,0.0988,0.223,103.883,audio_features,spotify:track:6NK9sI0Lnsiwn6I0MbWWxn,https://api.spotify.com/v1/tracks/6NK9sI0Lnsiwn6I0MbWWxn,https://api.spotify.com/v1/audio-analysis/6NK9sI0Lnsiwn6I0MbWWxn,184326,5
221,Easy,1otG6j1WHNvl9WgXLWkHTo,"After The Storm (feat. Tyler, The Creator & Bootsy Collins)",Easy,0.702,0.659,4,-6.766,0,0.13,0.301,0.00201,0.218,0.843,79.64,audio_features,spotify:track:1otG6j1WHNvl9WgXLWkHTo,https://api.spotify.com/v1/tracks/1otG6j1WHNvl9WgXLWkHTo,https://api.spotify.com/v1/audio-analysis/1otG6j1WHNvl9WgXLWkHTo,207455,4
222,Easy,4a6q8CR2hzLk2plDkSxkfD,I.F.L.Y.,Easy,0.812,0.519,2,-4.823,1,0.0385,0.379,0.0,0.13,0.554,104.954,audio_features,spotify:track:4a6q8CR2hzLk2plDkSxkfD,https://api.spotify.com/v1/tracks/4a6q8CR2hzLk2plDkSxkfD,https://api.spotify.com/v1/audio-analysis/4a6q8CR2hzLk2plDkSxkfD,165714,4
223,Easy,4pryE6cN2gFL1FVF5fYINl,Leave The Door Open,Easy,0.586,0.616,5,-7.964,1,0.0324,0.182,0.0,0.0927,0.719,148.088,audio_features,spotify:track:4pryE6cN2gFL1FVF5fYINl,https://api.spotify.com/v1/tracks/4pryE6cN2gFL1FVF5fYINl,https://api.spotify.com/v1/audio-analysis/4pryE6cN2gFL1FVF5fYINl,242096,4
224,Easy,2cEVcPslk7RwcqDpLA6Mhu,Crave You,Easy,0.921,0.477,1,-8.962,0,0.0828,0.109,0.0,0.0793,0.311,120.044,audio_features,spotify:track:2cEVcPslk7RwcqDpLA6Mhu,https://api.spotify.com/v1/tracks/2cEVcPslk7RwcqDpLA6Mhu,https://api.spotify.com/v1/audio-analysis/2cEVcPslk7RwcqDpLA6Mhu,234777,4
225,Easy,6tDDoYIxWvMLTdKpjFkc1B,telepatía,Easy,0.653,0.524,11,-9.016,0,0.0502,0.112,0.0,0.203,0.553,83.97,audio_features,spotify:track:6tDDoYIxWvMLTdKpjFkc1B,https://api.spotify.com/v1/tracks/6tDDoYIxWvMLTdKpjFkc1B,https://api.spotify.com/v1/audio-analysis/6tDDoYIxWvMLTdKpjFkc1B,160191,4
226,Easy,7KA4W4McWYRpgf0fWsJZWB,See You Again (feat. Kali Uchis),Easy,0.558,0.559,6,-9.222,1,0.0959,0.371,7.49e-06,0.109,0.62,78.558,audio_features,spotify:track:7KA4W4McWYRpgf0fWsJZWB,https://api.spotify.com/v1/tracks/7KA4W4McWYRpgf0fWsJZWB,https://api.spotify.com/v1/audio-analysis/7KA4W4McWYRpgf0fWsJZWB,180387,4
227,Easy,6sv7ZmasB6qSiF8hWJNpDG,Still,Easy,0.485,0.315,4,-11.599,1,0.0946,0.581,0.000349,0.11,0.425,134.714,audio_features,spotify:track:6sv7ZmasB6qSiF8hWJNpDG,https://api.spotify.com/v1/tracks/6sv7ZmasB6qSiF8hWJNpDG,https://api.spotify.com/v1/audio-analysis/6sv7ZmasB6qSiF8hWJNpDG,226927,4
228,Easy,2ZwIO3ufWLFYxtEoam9ydu,My Favourite Clothes,Easy,0.746,0.339,2,-9.041,1,0.144,0.482,1.36e-05,0.0838,0.291,119.924,audio_features,spotify:track:2ZwIO3ufWLFYxtEoam9ydu,https://api.spotify.com/v1/tracks/2ZwIO3ufWLFYxtEoam9ydu,https://api.spotify.com/v1/audio-analysis/2ZwIO3ufWLFYxtEoam9ydu,257000,4
229,Easy,4m5HKGwULoA0SvhaXiDMPR,Call You Mine (feat. Geologic Of The Blue Scholars),Easy,0.794,0.571,11,-6.436,0,0.0521,0.836,0.0174,0.0918,0.632,90.033,audio_features,spotify:track:4m5HKGwULoA0SvhaXiDMPR,https://api.spotify.com/v1/tracks/4m5HKGwULoA0SvhaXiDMPR,https://api.spotify.com/v1/audio-analysis/4m5HKGwULoA0SvhaXiDMPR,215125,4
230,Easy,58dSdjfEYNSxte1aNVxuNf,Easy,Easy,0.722,0.281,5,-7.487,1,0.104,0.373,0.00509,0.147,0.237,91.368,audio_features,spotify:track:58dSdjfEYNSxte1aNVxuNf,https://api.spotify.com/v1/tracks/58dSdjfEYNSxte1aNVxuNf,https://api.spotify.com/v1/audio-analysis/58dSdjfEYNSxte1aNVxuNf,314358,4
231,Easy,4BYO8KU39k40yaRAwDgyUs,Chivalry Is Dead,Easy,0.484,0.732,6,-4.892,1,0.0705,0.0471,0.0,0.0755,0.644,127.313,audio_features,spotify:track:4BYO8KU39k40yaRAwDgyUs,https://api.spotify.com/v1/tracks/4BYO8KU39k40yaRAwDgyUs,https://api.spotify.com/v1/audio-analysis/4BYO8KU39k40yaRAwDgyUs,208162,4
232,Easy,5pjWzUc1tVcewUTdDJd6Ce,San Francisco Street,Easy,0.877,0.542,2,-9.102,1,0.0419,0.224,0.132,0.0858,0.509,111.474,audio_features,spotify:track:5pjWzUc1tVcewUTdDJd6Ce,https://api.spotify.com/v1/tracks/5pjWzUc1tVcewUTdDJd6Ce,https://api.spotify.com/v1/audio-analysis/5pjWzUc1tVcewUTdDJd6Ce,266704,4
233,Easy,33VQJLL7QWS0LUuF7r39Rq,Calvin's Joint,Easy,0.676,0.657,8,-7.658,1,0.206,0.823,0.0121,0.117,0.281,94.388,audio_features,spotify:track:33VQJLL7QWS0LUuF7r39Rq,https://api.spotify.com/v1/tracks/33VQJLL7QWS0LUuF7r39Rq,https://api.spotify.com/v1/audio-analysis/33VQJLL7QWS0LUuF7r39Rq,226299,4
234,Easy,5WkCcSa78lM1Ym4LXzJUiN,La La Lost You - Acoustic Version,Easy,0.606,0.196,1,-11.652,1,0.0553,0.908,0.0,0.348,0.391,100.873,audio_features,spotify:track:5WkCcSa78lM1Ym4LXzJUiN,https://api.spotify.com/v1/tracks/5WkCcSa78lM1Ym4LXzJUiN,https://api.spotify.com/v1/audio-analysis/5WkCcSa78lM1Ym4LXzJUiN,208511,4
235,Easy,6fLlIJberJNX45w4xlvRUL,Intentions,Easy,0.564,0.484,8,-9.201,1,0.345,0.579,0.0,0.36,0.495,116.332,audio_features,spotify:track:6fLlIJberJNX45w4xlvRUL,https://api.spotify.com/v1/tracks/6fLlIJberJNX45w4xlvRUL,https://api.spotify.com/v1/audio-analysis/6fLlIJberJNX45w4xlvRUL,222836,4
236,Easy,5BhEJz8HuJttbVbKNJ3NFO,Stronger Than,Easy,0.86,0.144,6,-14.683,1,0.0718,0.864,2.61e-05,0.121,0.508,137.192,audio_features,spotify:track:5BhEJz8HuJttbVbKNJ3NFO,https://api.spotify.com/v1/tracks/5BhEJz8HuJttbVbKNJ3NFO,https://api.spotify.com/v1/audio-analysis/5BhEJz8HuJttbVbKNJ3NFO,266577,4
237,Easy,755gQFe8AygwKePVjrMDoj,The Simple Things,Easy,0.777,0.491,6,-6.523,1,0.0297,0.777,2e-06,0.101,0.681,95.106,audio_features,spotify:track:755gQFe8AygwKePVjrMDoj,https://api.spotify.com/v1/tracks/755gQFe8AygwKePVjrMDoj,https://api.spotify.com/v1/audio-analysis/755gQFe8AygwKePVjrMDoj,263633,4
238,Easy,7uzmGiiJyRfuViKKK3lVmR,Mine,Easy,0.71,0.789,4,-3.874,1,0.0722,0.0161,2.77e-06,0.451,0.717,142.929,audio_features,spotify:track:7uzmGiiJyRfuViKKK3lVmR,https://api.spotify.com/v1/tracks/7uzmGiiJyRfuViKKK3lVmR,https://api.spotify.com/v1/audio-analysis/7uzmGiiJyRfuViKKK3lVmR,131064,4
239,Easy,1boXOL0ua7N2iCOUVI1p9F,Japanese Denim,Easy,0.707,0.238,3,-8.818,1,0.0379,0.0905,2.42e-06,0.0842,0.345,124.156,audio_features,spotify:track:1boXOL0ua7N2iCOUVI1p9F,https://api.spotify.com/v1/tracks/1boXOL0ua7N2iCOUVI1p9F,https://api.spotify.com/v1/audio-analysis/1boXOL0ua7N2iCOUVI1p9F,270847,3
240,Easy,34p2uL1CvmaHn3uLfOKt8d,One Last Dance,Easy,0.466,0.161,7,-14.498,1,0.0492,0.979,0.000238,0.231,0.171,139.167,audio_features,spotify:track:34p2uL1CvmaHn3uLfOKt8d,https://api.spotify.com/v1/tracks/34p2uL1CvmaHn3uLfOKt8d,https://api.spotify.com/v1/audio-analysis/34p2uL1CvmaHn3uLfOKt8d,224848,3
241,Easy,6Kkt27YmFyIFrcX3QXFi2o,Liability,Easy,0.587,0.229,10,-11.254,0,0.128,0.92,0.0,0.1,0.379,75.67,audio_features,spotify:track:6Kkt27YmFyIFrcX3QXFi2o,https://api.spotify.com/v1/tracks/6Kkt27YmFyIFrcX3QXFi2o,https://api.spotify.com/v1/audio-analysis/6Kkt27YmFyIFrcX3QXFi2o,171728,4
242,Easy,6isTQfKXhNO3EyJd9mSxx8,AM I DREAMING (feat. Miley Cyrus),Easy,0.629,0.445,3,-6.999,1,0.0258,0.77,2.92e-06,0.351,0.209,94.103,audio_features,spotify:track:6isTQfKXhNO3EyJd9mSxx8,https://api.spotify.com/v1/tracks/6isTQfKXhNO3EyJd9mSxx8,https://api.spotify.com/v1/audio-analysis/6isTQfKXhNO3EyJd9mSxx8,183241,4
243,Easy,1rjFUFFB9xokmzBioWhrWk,Wanderlust,Easy,0.481,0.115,0,-16.155,0,0.0448,0.892,0.00149,0.112,0.196,134.078,audio_features,spotify:track:1rjFUFFB9xokmzBioWhrWk,https://api.spotify.com/v1/tracks/1rjFUFFB9xokmzBioWhrWk,https://api.spotify.com/v1/audio-analysis/1rjFUFFB9xokmzBioWhrWk,187253,4
244,Easy,2sBKLT7bFa38yVAYxYltUX,Dance with Me,Easy,0.36,0.209,4,-10.293,1,0.0355,0.967,0.00326,0.153,0.227,199.95,audio_features,spotify:track:2sBKLT7bFa38yVAYxYltUX,https://api.spotify.com/v1/tracks/2sBKLT7bFa38yVAYxYltUX,https://api.spotify.com/v1/audio-analysis/2sBKLT7bFa38yVAYxYltUX,234283,4
245,Easy,6F5mZpEEjhsAW8UEqbIpz1,Tired,Easy,0.63,0.418,7,-7.111,0,0.0254,0.483,0.15,0.111,0.345,140.037,audio_features,spotify:track:6F5mZpEEjhsAW8UEqbIpz1,https://api.spotify.com/v1/tracks/6F5mZpEEjhsAW8UEqbIpz1,https://api.spotify.com/v1/audio-analysis/6F5mZpEEjhsAW8UEqbIpz1,199515,4
246,Easy,1NaDK3atogQEn9glK5fYuy,Cologne,Easy,0.55,0.803,2,-3.608,1,0.0347,0.000561,0.000523,0.0266,0.877,130.015,audio_features,spotify:track:1NaDK3atogQEn9glK5fYuy,https://api.spotify.com/v1/tracks/1NaDK3atogQEn9glK5fYuy,https://api.spotify.com/v1/audio-analysis/1NaDK3atogQEn9glK5fYuy,164691,4
247,Easy,0edtKj1oW6rJ9f4wRtLPPH,Traingazing,Easy,0.848,0.364,11,-10.058,1,0.0637,0.697,0.00529,0.14,0.569,137.541,audio_features,spotify:track:0edtKj1oW6rJ9f4wRtLPPH,https://api.spotify.com/v1/tracks/0edtKj1oW6rJ9f4wRtLPPH,https://api.spotify.com/v1/audio-analysis/0edtKj1oW6rJ9f4wRtLPPH,214160,4
248,Easy,7sTDqaGUr9NM8NHQ5SNHi1,That's Us,Easy,0.621,0.108,10,-15.399,1,0.0493,0.968,1.67e-05,0.137,0.204,129.285,audio_features,spotify:track:7sTDqaGUr9NM8NHQ5SNHi1,https://api.spotify.com/v1/tracks/7sTDqaGUr9NM8NHQ5SNHi1,https://api.spotify.com/v1/audio-analysis/7sTDqaGUr9NM8NHQ5SNHi1,270462,4
249,Easy,5dyihZecYMcEPq09Bk2OL2,Robin Hood,Easy,0.731,0.153,4,-14.409,1,0.0562,0.952,0.0,0.134,0.324,78.072,audio_features,spotify:track:5dyihZecYMcEPq09Bk2OL2,https://api.spotify.com/v1/tracks/5dyihZecYMcEPq09Bk2OL2,https://api.spotify.com/v1/audio-analysis/5dyihZecYMcEPq09Bk2OL2,221538,4
250,Easy,2vzWylXWogTG11HR0frews,I Can't Carry This Anymore,Easy,0.451,0.0873,3,-16.815,1,0.063,0.907,2.46e-06,0.355,0.456,166.603,audio_features,spotify:track:2vzWylXWogTG11HR0frews,https://api.spotify.com/v1/tracks/2vzWylXWogTG11HR0frews,https://api.spotify.com/v1/audio-analysis/2vzWylXWogTG11HR0frews,200000,4
251,Easy,6I0KEvFfWszVJiCy5hum4V,Let's Fall in Love for the Night,Easy,0.737,0.408,5,-7.941,1,0.104,0.802,0.0,0.171,0.374,127.918,audio_features,spotify:track:6I0KEvFfWszVJiCy5hum4V,https://api.spotify.com/v1/tracks/6I0KEvFfWszVJiCy5hum4V,https://api.spotify.com/v1/audio-analysis/6I0KEvFfWszVJiCy5hum4V,190348,4
252,Easy,6VhHEXZrTDnmDJeNrDFQbi,2 soon,Easy,0.517,0.663,6,-6.688,0,0.0375,0.146,0.0,0.322,0.146,174.032,audio_features,spotify:track:6VhHEXZrTDnmDJeNrDFQbi,https://api.spotify.com/v1/tracks/6VhHEXZrTDnmDJeNrDFQbi,https://api.spotify.com/v1/audio-analysis/6VhHEXZrTDnmDJeNrDFQbi,206512,4
253,Easy,7ivYWXqrPLs66YwakDuSim,like i need u,Easy,0.748,0.465,5,-8.163,1,0.0869,0.399,0.0,0.294,0.412,119.872,audio_features,spotify:track:7ivYWXqrPLs66YwakDuSim,https://api.spotify.com/v1/tracks/7ivYWXqrPLs66YwakDuSim,https://api.spotify.com/v1/audio-analysis/7ivYWXqrPLs66YwakDuSim,182679,4
254,Easy,2vRDFgdJiILUdDOLL8hLH3,Lover Boy 88,Easy,0.734,0.699,11,-6.689,1,0.0614,0.349,0.0,0.261,0.5,109.979,audio_features,spotify:track:2vRDFgdJiILUdDOLL8hLH3,https://api.spotify.com/v1/tracks/2vRDFgdJiILUdDOLL8hLH3,https://api.spotify.com/v1/audio-analysis/2vRDFgdJiILUdDOLL8hLH3,233033,4
255,Old,06UkYE0SZ3Y8zGRFOuWGAe,It's Always You - Vocal Version,Old,0.499,0.0341,8,-22.31,1,0.0417,0.923,5.27e-05,0.131,0.31,81.735,audio_features,spotify:track:06UkYE0SZ3Y8zGRFOuWGAe,https://api.spotify.com/v1/tracks/06UkYE0SZ3Y8zGRFOuWGAe,https://api.spotify.com/v1/audio-analysis/06UkYE0SZ3Y8zGRFOuWGAe,215467,4
256,Old,0F845nujLVqCb0XMZCh5Pc,I Fall In Love Too Easily,Old,0.532,0.0657,0,-19.136,0,0.0406,0.94,0.00488,0.0946,0.292,128.607,audio_features,spotify:track:0F845nujLVqCb0XMZCh5Pc,https://api.spotify.com/v1/tracks/0F845nujLVqCb0XMZCh5Pc,https://api.spotify.com/v1/audio-analysis/0F845nujLVqCb0XMZCh5Pc,201440,4
257,Old,7fKA60i4JhkavVw7fQFOHS,Why Try to Change Me Now,Old,0.479,0.0753,10,-15.351,1,0.0382,0.923,8.6e-06,0.153,0.157,111.651,audio_features,spotify:track:7fKA60i4JhkavVw7fQFOHS,https://api.spotify.com/v1/tracks/7fKA60i4JhkavVw7fQFOHS,https://api.spotify.com/v1/audio-analysis/7fKA60i4JhkavVw7fQFOHS,316840,4
258,Old,4kF394GKEnI13QdZBM9mxM,Misty,Old,0.359,0.109,8,-14.113,0,0.039,0.995,0.00348,0.12,0.234,88.423,audio_features,spotify:track:4kF394GKEnI13QdZBM9mxM,https://api.spotify.com/v1/tracks/4kF394GKEnI13QdZBM9mxM,https://api.spotify.com/v1/audio-analysis/4kF394GKEnI13QdZBM9mxM,174067,1
259,Old,5QnCtH7euld6R68UwcWrte,(I Love You) For Sentimental Reasons,Old,0.325,0.0418,1,-24.757,1,0.0363,0.977,0.0141,0.117,0.242,65.888,audio_features,spotify:track:5QnCtH7euld6R68UwcWrte,https://api.spotify.com/v1/tracks/5QnCtH7euld6R68UwcWrte,https://api.spotify.com/v1/audio-analysis/5QnCtH7euld6R68UwcWrte,184467,4
260,Old,6f3l2qKZV3adliVZjsBgn3,It's So Peaceful In The Country,Old,0.469,0.0523,0,-16.662,1,0.0662,0.992,2.5e-06,0.0935,0.304,49.671,audio_features,spotify:track:6f3l2qKZV3adliVZjsBgn3,https://api.spotify.com/v1/tracks/6f3l2qKZV3adliVZjsBgn3,https://api.spotify.com/v1/audio-analysis/6f3l2qKZV3adliVZjsBgn3,196973,3
261,Old,777zXDJpBufzttU4AJ2dGO,I Don't Want To Set The World On Fire,Old,0.445,0.146,5,-16.064,1,0.0333,0.962,1.05e-05,0.249,0.332,86.637,audio_features,spotify:track:777zXDJpBufzttU4AJ2dGO,https://api.spotify.com/v1/tracks/777zXDJpBufzttU4AJ2dGO,https://api.spotify.com/v1/audio-analysis/777zXDJpBufzttU4AJ2dGO,181067,4
262,Old,0PTxTQyfLKWgaRhiA3JqQn,Dream A Little Dream of Me,Old,0.506,0.176,0,-14.056,1,0.0383,0.942,3.81e-05,0.104,0.257,73.896,audio_features,spotify:track:0PTxTQyfLKWgaRhiA3JqQn,https://api.spotify.com/v1/tracks/0PTxTQyfLKWgaRhiA3JqQn,https://api.spotify.com/v1/audio-analysis/0PTxTQyfLKWgaRhiA3JqQn,224874,4
263,Old,45Ucre28FuNGYxHG7ZlAQ4,I Miss You So,Old,0.583,0.119,5,-16.837,1,0.0343,0.975,0.00343,0.113,0.211,76.08,audio_features,spotify:track:45Ucre28FuNGYxHG7ZlAQ4,https://api.spotify.com/v1/tracks/45Ucre28FuNGYxHG7ZlAQ4,https://api.spotify.com/v1/audio-analysis/45Ucre28FuNGYxHG7ZlAQ4,184160,4
264,Old,6ST3Punch0Y5lvKpNzxa6Q,So Tired,Old,0.414,0.0748,6,-12.485,1,0.0313,0.983,1.08e-06,0.11,0.241,92.967,audio_features,spotify:track:6ST3Punch0Y5lvKpNzxa6Q,https://api.spotify.com/v1/tracks/6ST3Punch0Y5lvKpNzxa6Q,https://api.spotify.com/v1/audio-analysis/6ST3Punch0Y5lvKpNzxa6Q,169907,4
265,Old,5DIVWgTeJ2fPIxaY9e7ZKn,I've Got A Crush On You,Old,0.455,0.106,2,-14.086,1,0.0422,0.986,0.0,0.122,0.258,66.807,audio_features,spotify:track:5DIVWgTeJ2fPIxaY9e7ZKn,https://api.spotify.com/v1/tracks/5DIVWgTeJ2fPIxaY9e7ZKn,https://api.spotify.com/v1/audio-analysis/5DIVWgTeJ2fPIxaY9e7ZKn,196440,4
266,Old,17XdGYRzYd0bbVTlghPF1Y,No Other Love,Old,0.411,0.0604,8,-15.627,1,0.0321,0.974,0.00395,0.114,0.237,98.463,audio_features,spotify:track:17XdGYRzYd0bbVTlghPF1Y,https://api.spotify.com/v1/tracks/17XdGYRzYd0bbVTlghPF1Y,https://api.spotify.com/v1/audio-analysis/17XdGYRzYd0bbVTlghPF1Y,179867,4
267,Old,4s6DpXuVpOg5sxhELsISAf,The Things We Did Last Summer - Remastered 1991,Old,0.276,0.129,4,-17.252,1,0.0364,0.984,0.00021,0.298,0.232,60.29,audio_features,spotify:track:4s6DpXuVpOg5sxhELsISAf,https://api.spotify.com/v1/tracks/4s6DpXuVpOg5sxhELsISAf,https://api.spotify.com/v1/audio-analysis/4s6DpXuVpOg5sxhELsISAf,182973,3
268,Old,1xlyVmdCo5lMRIzuMlAUF7,I'm Glad There Is You,Old,0.492,0.0671,10,-15.671,0,0.0399,0.958,0.000968,0.109,0.165,124.908,audio_features,spotify:track:1xlyVmdCo5lMRIzuMlAUF7,https://api.spotify.com/v1/tracks/1xlyVmdCo5lMRIzuMlAUF7,https://api.spotify.com/v1/audio-analysis/1xlyVmdCo5lMRIzuMlAUF7,147413,4
269,Old,0qB213IfGN0JXXm9aRjldF,Again (with The Mellomen),Old,0.462,0.0208,3,-21.329,1,0.035,0.981,1.13e-06,0.0753,0.148,60.032,audio_features,spotify:track:0qB213IfGN0JXXm9aRjldF,https://api.spotify.com/v1/tracks/0qB213IfGN0JXXm9aRjldF,https://api.spotify.com/v1/audio-analysis/0qB213IfGN0JXXm9aRjldF,167907,4
270,Old,0HMLSpe9wluD1siMZ6dBqR,I'm Confessin' (That I Love You),Old,0.24,0.0186,1,-23.65,1,0.0364,0.956,1.83e-06,0.12,0.115,81.473,audio_features,spotify:track:0HMLSpe9wluD1siMZ6dBqR,https://api.spotify.com/v1/tracks/0HMLSpe9wluD1siMZ6dBqR,https://api.spotify.com/v1/audio-analysis/0HMLSpe9wluD1siMZ6dBqR,163707,4
271,Old,7n8HjcaEQzwwpyxHdjWjQq,Till There Was You,Old,0.484,0.0631,7,-16.494,1,0.0353,0.972,0.000292,0.143,0.243,136.482,audio_features,spotify:track:7n8HjcaEQzwwpyxHdjWjQq,https://api.spotify.com/v1/tracks/7n8HjcaEQzwwpyxHdjWjQq,https://api.spotify.com/v1/audio-analysis/7n8HjcaEQzwwpyxHdjWjQq,126293,4
272,Old,2H7VbIlKJefU5BTsHhYxuO,You Always Hurt The One You Love - 1958 version,Old,0.516,0.081,7,-18.345,0,0.0602,0.939,2.48e-05,0.367,0.352,138.69,audio_features,spotify:track:2H7VbIlKJefU5BTsHhYxuO,https://api.spotify.com/v1/tracks/2H7VbIlKJefU5BTsHhYxuO,https://api.spotify.com/v1/audio-analysis/2H7VbIlKJefU5BTsHhYxuO,193440,4
273,Old,7s0ZliVrPsRNdDcTuTlBOJ,Nevertheless (I'm In Love With You) - 1958 version,Old,0.559,0.0508,0,-21.273,1,0.0368,0.974,0.0,0.0849,0.23,79.236,audio_features,spotify:track:7s0ZliVrPsRNdDcTuTlBOJ,https://api.spotify.com/v1/tracks/7s0ZliVrPsRNdDcTuTlBOJ,https://api.spotify.com/v1/audio-analysis/7s0ZliVrPsRNdDcTuTlBOJ,167200,4
274,Old,79nMHWTfds6KJu5zWQbQ4n,If I Had You,Old,0.52,0.0206,2,-22.868,0,0.0486,0.961,0.000435,0.0981,0.109,118.424,audio_features,spotify:track:79nMHWTfds6KJu5zWQbQ4n,https://api.spotify.com/v1/tracks/79nMHWTfds6KJu5zWQbQ4n,https://api.spotify.com/v1/audio-analysis/79nMHWTfds6KJu5zWQbQ4n,230067,4
275,Old,3xZe0jFAwc3akvChOrPS7u,You Belong To Me,Old,0.371,0.145,5,-14.587,1,0.0315,0.945,0.0,0.112,0.167,68.722,audio_features,spotify:track:3xZe0jFAwc3akvChOrPS7u,https://api.spotify.com/v1/tracks/3xZe0jFAwc3akvChOrPS7u,https://api.spotify.com/v1/audio-analysis/3xZe0jFAwc3akvChOrPS7u,192560,4
276,Old,3CU98VCEv6IwQHOayACaBA,I Wish You The Best Of Everything,Old,0.552,0.099,2,-16.572,1,0.0545,0.974,0.119,0.114,0.254,90.387,audio_features,spotify:track:3CU98VCEv6IwQHOayACaBA,https://api.spotify.com/v1/tracks/3CU98VCEv6IwQHOayACaBA,https://api.spotify.com/v1/audio-analysis/3CU98VCEv6IwQHOayACaBA,193067,4
277,Old,2Pi0rY9FcbaecqO0AyhXbu,I'll Never Smile Again,Old,0.34,0.144,0,-16.383,1,0.0285,0.993,0.776,0.418,0.0655,85.399,audio_features,spotify:track:2Pi0rY9FcbaecqO0AyhXbu,https://api.spotify.com/v1/tracks/2Pi0rY9FcbaecqO0AyhXbu,https://api.spotify.com/v1/audio-analysis/2Pi0rY9FcbaecqO0AyhXbu,189467,4
278,Old,5DTOOkooKFUvWj1XQTFa09,The End of the World,Old,0.232,0.216,10,-10.674,1,0.0314,0.936,4.93e-06,0.246,0.432,94.268,audio_features,spotify:track:5DTOOkooKFUvWj1XQTFa09,https://api.spotify.com/v1/tracks/5DTOOkooKFUvWj1XQTFa09,https://api.spotify.com/v1/audio-analysis/5DTOOkooKFUvWj1XQTFa09,157573,3
279,Old,2jPgfwVXOKnUl2QLQsnIAT,If I Didn't Care,Old,0.417,0.123,6,-16.572,0,0.0377,0.993,0.0125,0.143,0.18,137.444,audio_features,spotify:track:2jPgfwVXOKnUl2QLQsnIAT,https://api.spotify.com/v1/tracks/2jPgfwVXOKnUl2QLQsnIAT,https://api.spotify.com/v1/audio-analysis/2jPgfwVXOKnUl2QLQsnIAT,181973,3
280,Old,4QxDOjgpYtQDxxbWPuEJOy,L-O-V-E,Old,0.425,0.373,4,-7.543,1,0.0801,0.686,0.0,0.077,0.663,78.231,audio_features,spotify:track:4QxDOjgpYtQDxxbWPuEJOy,https://api.spotify.com/v1/tracks/4QxDOjgpYtQDxxbWPuEJOy,https://api.spotify.com/v1/audio-analysis/4QxDOjgpYtQDxxbWPuEJOy,155307,4
281,Old,7co1Qx9zMeNVM4OKIEYMGI,Can't You See It,Old,0.559,0.223,11,-13.364,1,0.0493,0.613,0.0,0.159,0.492,122.464,audio_features,spotify:track:7co1Qx9zMeNVM4OKIEYMGI,https://api.spotify.com/v1/tracks/7co1Qx9zMeNVM4OKIEYMGI,https://api.spotify.com/v1/audio-analysis/7co1Qx9zMeNVM4OKIEYMGI,146307,4
282,Old,7f6AAixCrVar1ZY7RPHDfM,Cry Me A River,Old,0.496,0.0688,4,-14.927,0,0.0545,0.964,0.00229,0.112,0.161,119.898,audio_features,spotify:track:7f6AAixCrVar1ZY7RPHDfM,https://api.spotify.com/v1/tracks/7f6AAixCrVar1ZY7RPHDfM,https://api.spotify.com/v1/audio-analysis/7f6AAixCrVar1ZY7RPHDfM,178573,4
283,Old,3NWbd7KcJgEpj5ixc9Yrad,The Gentleman Is A Dope,Old,0.58,0.124,9,-20.579,0,0.0448,0.907,0.0,0.113,0.472,148.996,audio_features,spotify:track:3NWbd7KcJgEpj5ixc9Yrad,https://api.spotify.com/v1/tracks/3NWbd7KcJgEpj5ixc9Yrad,https://api.spotify.com/v1/audio-analysis/3NWbd7KcJgEpj5ixc9Yrad,256027,4
284,Old,6crfO56bDm0RjpctUuGs5X,I'm In The Mood For Love,Old,0.58,0.0545,9,-14.594,0,0.0473,0.963,0.000265,0.0967,0.177,123.341,audio_features,spotify:track:6crfO56bDm0RjpctUuGs5X,https://api.spotify.com/v1/tracks/6crfO56bDm0RjpctUuGs5X,https://api.spotify.com/v1/audio-analysis/6crfO56bDm0RjpctUuGs5X,149827,4
285,Old,4l9hml2UCnxoNI3yCdL1BW,My Funny Valentine,Old,0.438,0.00756,0,-26.44,0,0.0382,0.941,0.00643,0.109,0.277,133.32,audio_features,spotify:track:4l9hml2UCnxoNI3yCdL1BW,https://api.spotify.com/v1/tracks/4l9hml2UCnxoNI3yCdL1BW,https://api.spotify.com/v1/audio-analysis/4l9hml2UCnxoNI3yCdL1BW,141133,4
286,Old,7Kqk5EpwqiukPkDutSFFZk,Did I Remember,Old,0.677,0.264,8,-9.111,1,0.0357,0.904,0.00601,0.0825,0.438,120.974,audio_features,spotify:track:7Kqk5EpwqiukPkDutSFFZk,https://api.spotify.com/v1/tracks/7Kqk5EpwqiukPkDutSFFZk,https://api.spotify.com/v1/audio-analysis/7Kqk5EpwqiukPkDutSFFZk,206653,4
287,Old,1sJnKCMOkGvcRPes8Tln2x,My Kind of Night,Old,0.84,0.178,10,-11.133,1,0.07,0.973,0.0,0.113,0.529,114.412,audio_features,spotify:track:1sJnKCMOkGvcRPes8Tln2x,https://api.spotify.com/v1/tracks/1sJnKCMOkGvcRPes8Tln2x,https://api.spotify.com/v1/audio-analysis/1sJnKCMOkGvcRPes8Tln2x,123711,4
288,Old,4m6OC8u2rC6LMFtFWsME7d,Time After Time - Vocal Version,Old,0.501,0.0454,0,-18.783,1,0.0388,0.938,3.76e-05,0.2,0.255,99.783,audio_features,spotify:track:4m6OC8u2rC6LMFtFWsME7d,https://api.spotify.com/v1/tracks/4m6OC8u2rC6LMFtFWsME7d,https://api.spotify.com/v1/audio-analysis/4m6OC8u2rC6LMFtFWsME7d,166760,4
